"record_id"	"batch_id"	"path"	"sha256"	"bytes"	"inventory_snapshot_git_status"	"effective_snapshot_git_status"	"inventory_material_role"	"document_class"	"source_type"	"current_applicability"	"history_or_derivation"	"approval_named_authorizer"	"approval_date"	"approval_scope"	"approval_version_binding"	"document_approval_state"	"atomic_requirement_extraction_route"	"evidence_or_conflict_pointers"	"investigation_pointer"
"R11-01"	"R11"	"mes/analysis/README.md"	"dfcf58e4228083b811eb9670e0e897efb3f648ec93581645892a1d254a7bf4a7"	"1309"	"tracked-clean"	"tracked-clean"	"candidate-data-constraint"	"R11-D/E"	"internal-offline-analysis-entry-and-current-state-evidence"	"Current-project offline PACKAGE coverage tooling only; does not prove capacity correctness or PACKAGE completeness."	"Formed in 5718541 as an internal Python-standard-library analysis entry."	"not-found"	"not-found"	"not-found"	"not-found"	"not-approved-by-this-classification"	"do-not-extract-as-requirement; retain-as-offline-analysis-and-current-state-evidence"	"Preserve input/output boundaries and the rule that analysis results describe only the supplied snapshot."	"R11-mes-data-query-validation-constraints.md; section=逐文件调查台账"
"R11-02"	"R11"	"mes/catalog/queries.md"	"1a52a46a3fd689c74a3cf481897d824ac2eb64277500b1e7fb99fec36ee4be80"	"2022"	"tracked-clean"	"tracked-clean"	"candidate-data-constraint"	"R11-I"	"internal-query-catalog-and-navigation-index"	"Current repository QUERY_ID and SSOT navigation; last-evidence fields are stale and do not establish validation status."	"Formed in 5718541; ffe1f49 added the sixth task type."	"not-found"	"not-found"	"not-found"	"not-found"	"not-approved-by-this-classification"	"do-not-extract-from-this-document"	"Retain QUERY_ID/source pointers; bind any future evidence to run_id and SQL hash instead of catalog wording."	"R11-mes-data-query-validation-constraints.md; section=逐文件调查台账"
"R11-03"	"R11"	"mes/docs/工厂首轮执行与回传清单.md"	"8305057b5f665d02b4891d88d3cf66afcc9b9f141757a19f7339c35bc91447fa"	"6142"	"untracked"	"tracked-clean"	"candidate-acceptance"	"R11-A/E"	"mixed-factory-acceptance-plan-and-limited-run-summary"	"Candidate acceptance conditions plus summaries of three 2026-07-24 runs; valid only for their SQL, environment and data time."	"Formed in 5718541; ffe1f49 changed five branches to six, removed approval/hash requirements and backfilled observed results."	"not-found"	"not-found"	"not-found"	"not-found"	"not-approved-by-this-classification"	"candidate-only-after-acceptance-condition-level-decomposition-run-evidence-review-and-explicit-approval"	"Preserve approval-versus-integrity rule conflict, run manifests, incomplete PACKAGE coverage and ticket 30 decision boundary."	"R11-mes-data-query-validation-constraints.md; section=逐文件调查台账"
"R11-04"	"R11"	"mes/queries/mes-task-union/README.md"	"e8b7ed1c34d7d541f2833fc66a34a361c3ba818fa9b6df0daf36e93268d255f0"	"1406"	"tracked-clean"	"tracked-clean"	"candidate-data-constraint"	"R11-X/D/A"	"mixed-external-data-candidate-derived-query-design-and-behavior"	"Potential six-task Oracle data contract mixed with unified-column, UNION ALL, filtering and idempotency design."	"Formed in 5718541 from customer SQL snapshots; ffe1f49 added WIRE_TO_NITROGEN."	"not-found"	"not-found"	"not-found"	"not-found"	"not-approved-by-this-classification"	"candidate-only-after-separating-external-fields-filters-query-design-and-behavior-source-review-and-explicit-approval"	"Retain six source snapshot pointers, SQL hashes, environment scope and quality/performance run limits."	"R11-mes-data-query-validation-constraints.md; section=逐文件调查台账"
"R11-05"	"R11"	"mes/queries/operator-identity/README.md"	"6a99258034b5be9d85d064258c896a709de30f49ac86e893917d83be814abcdc"	"986"	"tracked-clean"	"tracked-clean"	"candidate-data-constraint"	"R11-X/D/A"	"mixed-external-identity-query-candidate-and-product-boundary"	"Potential operator identity data contract mixed with no-result session behavior and the boundary that identity is not role authorization."	"Formed in 5718541 from a stated 2026-07-16 customer-source snapshot; no independent run or approval binding."	"not-found"	"not-found"	"not-found"	"not-found"	"not-approved-by-this-classification"	"candidate-only-after-separating-external-fields-identity-behavior-privacy-and-authorization-boundary-explicit-approval"	"Retain source SQL pointer; require duplicate/no-result/timeout, privacy and authorization evidence separately."	"R11-mes-data-query-validation-constraints.md; section=逐文件调查台账"
"R11-06"	"R11"	"mes/queries/schema-introspection/README.md"	"a3ae14c569b25bddacfbc46819733ad024ffa1826b30c138ad34a48634efdc31"	"1012"	"tracked-clean"	"tracked-clean"	"candidate-data-constraint"	"R11-D/E"	"internal-oracle-schema-introspection-design"	"Internal validation-query shape; only an actual bound run can evidence a specific database, Schema, user and time."	"Formed in 5718541 for five types; 493ac5a expanded it to six."	"not-found"	"not-found"	"not-found"	"not-found"	"not-approved-by-this-classification"	"do-not-extract-as-requirement; retain-as-validation-design-and-future-current-state-evidence-pointer"	"Do not infer business value ranges from declared lengths or sample maxima; preserve missing independent run."	"R11-mes-data-query-validation-constraints.md; section=逐文件调查台账"
"R11-07"	"R11"	"mes/queries/sublot-box-count/README.md"	"486802d634605a446aedd46e6f14b5ca77dd2b17b458dc640c64e98fd7ea9be2"	"1165"	"tracked-clean"	"tracked-clean"	"candidate-data-constraint"	"R11-X/D/A"	"mixed-external-box-count-query-candidate-and-loading-safety-behavior"	"Potential SUBLOT box-count contract mixed with ExpectedBasketCount and fail-closed loading behavior."	"Formed in 5718541; 493ac5a replaced scan fallback with blocking on failure, non-positive result or ambiguous capacity."	"not-found"	"not-found"	"not-found"	"not-found"	"not-approved-by-this-classification"	"candidate-only-after-separating-external-query-semantics-capacity-calculation-and-loading-safety-explicit-approval"	"Retain source SQL pointer, 2026-07-31 behavior change and absence of an independent run."	"R11-mes-data-query-validation-constraints.md; section=逐文件调查台账"
"R11-08"	"R11"	"mes/README.md"	"63d550a52f0aea953183ce4c3b5301ca533e42ab4fd07714a7918916379e1f0f"	"3342"	"tracked-clean"	"tracked-clean"	"template-or-index"	"R11-I"	"internal-mes-repository-governance-and-navigation"	"Current repository organization, QUERY_ID and SQL SSOT guidance; not a customer requirement."	"Formed in 5718541 as the MES material and execution entry point."	"not-found"	"not-found"	"not-found"	"not-found"	"not-approved-by-this-classification"	"do-not-extract-from-this-document"	"Retain the rule that factory passage requires imported return evidence, without treating it as approved acceptance authority."	"R11-mes-data-query-validation-constraints.md; section=逐文件调查台账"
"R11-09"	"R11"	"mes/reference/package-basket-capacity.csv"	"3214f6e849861de452c4132f0f733f20f657a9149dd05953ccc956deab766ece"	"3112"	"tracked-clean"	"tracked-clean"	"candidate-data-constraint"	"R11-X/A"	"unapproved-migrated-package-capacity-rule-table"	"Twenty-eight external-data candidates and one matching-failure behavior; coverage is incomplete and must not be called exhaustive."	"Formed in 5718541 as a stated 2026-07-16 customer-table migration without the original table or row reconciliation."	"not-found"	"not-found"	"not-found"	"not-found"	"not-approved-by-this-classification"	"candidate-only-after-row-level-capacity-match-type-scope-source-review-and-explicit-approval"	"Retain 27 exact/1 prefix identity, TOLL- ambiguity, source-table gap, unmatched PACKAGE evidence and CSV SSOT role."	"R11-mes-data-query-validation-constraints.md; section=逐文件调查台账"
"R11-10"	"R11"	"mes/reference/package-basket-capacity.md"	"af7b8c13b0371877bebd9f4e08eb695be1b6b2c9b9000c5836cf1a719a0ac586"	"3740"	"tracked-clean"	"tracked-clean"	"candidate-data-constraint"	"R11-I"	"generated-review-view-of-package-capacity-csv"	"Generated duplicate view of the CSV; not an independent rule source or approval record."	"Formed in 5718541 and derived wholly from package-basket-capacity.csv."	"not-found"	"not-found"	"not-found"	"not-found"	"not-approved-by-this-classification"	"do-not-extract-from-this-document"	"Preserve derivation and bind references to the CSV hash."	"R11-mes-data-query-validation-constraints.md; section=逐文件调查台账"
"R11-11"	"R11"	"mes/reference/README.md"	"8860a80469bd0fb97f91112b7339199fa50b74243768ee4015c92a0479185f5c"	"1679"	"tracked-clean"	"tracked-clean"	"candidate-data-constraint"	"R11-D/A/I"	"internal-capacity-schema-matching-and-safety-guidance"	"Current-project capacity matching and fail-closed guidance mixed with CSV navigation; does not prove the 28 values."	"Formed in 5718541 around the stated customer-table migration."	"not-found"	"not-found"	"not-found"	"not-found"	"not-approved-by-this-classification"	"candidate-only-after-separating-match-algorithm-safety-guardrails-and-source-data-explicit-approval"	"Retain exact-before-longest-prefix, case-sensitivity, no-fuzzy-inference, CSV SSOT and missing customer approval."	"R11-mes-data-query-validation-constraints.md; section=逐文件调查台账"
"R12-01"	"R12"	".scratch/mes-ingest-phase-1/issues/01-recorded-snapshot-to-read-api.md"	"0e450e68f282f09e0374ef4c62c26e8818889a2b8269bc639b7686c0de3786d6"	"1459"	"tracked-clean"	"tracked-clean"	"candidate-decision"	"R12-IMPLEMENTATION-TASK"	"completed-implementation-slice-derived-from-internal-spec"	"Historical Phase 1 implementation plan and completion evidence; does not independently preserve an original requirement."	"Derived from the Phase 1 spec and later completed through implementation commits."	"not-found"	"not-found"	"not-found"	"not-found"	"not-approved-by-this-classification"	"do-not-extract-from-this-document; trace-any-claimed-requirement-to-upstream-spec-and-primary-evidence"	"Retain build scope, acceptance checks and completion commit as implementation history only."	"R12-historical-local-specs-and-issues.md; section=分组调查矩阵"
"R12-02"	"R12"	".scratch/mes-ingest-phase-1/issues/02-demand-lifecycle-appear-gone-reappear.md"	"47403fb0fb453921a231b1b6d37f4aa11158636c1f315c97a0b5e508a6d5030d"	"1466"	"tracked-clean"	"tracked-clean"	"candidate-decision"	"R12-IMPLEMENTATION-TASK"	"completed-implementation-slice-derived-from-internal-spec"	"Historical Phase 1 implementation plan and completion evidence; does not independently preserve an original requirement."	"Derived from the Phase 1 spec and later completed through implementation commits."	"not-found"	"not-found"	"not-found"	"not-found"	"not-approved-by-this-classification"	"do-not-extract-from-this-document; trace-any-claimed-requirement-to-upstream-spec-and-primary-evidence"	"Retain build scope, acceptance checks and completion commit as implementation history only."	"R12-historical-local-specs-and-issues.md; section=分组调查矩阵"
"R12-03"	"R12"	".scratch/mes-ingest-phase-1/issues/03-mes-data-quality-diagnostics.md"	"aebd3d60f4c0cb5c0bd86c7e2dd730879539d95cd33e609a2f725f43ec98ca43"	"1581"	"tracked-clean"	"tracked-clean"	"candidate-decision"	"R12-IMPLEMENTATION-TASK"	"completed-implementation-slice-derived-from-internal-spec"	"Historical Phase 1 implementation plan and completion evidence; does not independently preserve an original requirement."	"Derived from the Phase 1 spec and later completed through implementation commits."	"not-found"	"not-found"	"not-found"	"not-found"	"not-approved-by-this-classification"	"do-not-extract-from-this-document; trace-any-claimed-requirement-to-upstream-spec-and-primary-evidence"	"Retain build scope, acceptance checks and completion commit as implementation history only."	"R12-historical-local-specs-and-issues.md; section=分组调查矩阵"
"R12-04"	"R12"	".scratch/mes-ingest-phase-1/issues/04-paused-zero-drop.md"	"539ebf637d2e816884b76f76a13ab45b9625963cecfe547c2ae7f552455cd693"	"1427"	"tracked-clean"	"tracked-clean"	"candidate-decision"	"R12-IMPLEMENTATION-TASK"	"completed-implementation-slice-derived-from-internal-spec"	"Historical Phase 1 implementation plan and completion evidence; does not independently preserve an original requirement."	"Derived from the Phase 1 spec and later completed through implementation commits."	"not-found"	"not-found"	"not-found"	"not-found"	"not-approved-by-this-classification"	"do-not-extract-from-this-document; trace-any-claimed-requirement-to-upstream-spec-and-primary-evidence"	"Retain build scope, acceptance checks and completion commit as implementation history only."	"R12-historical-local-specs-and-issues.md; section=分组调查矩阵"
"R12-05"	"R12"	".scratch/mes-ingest-phase-1/issues/05-sql-server-persistent-projection.md"	"2e92831e8dfabc3c4e27dbbec71df34a3f0c5b9eee85fdb34edd186414a79c29"	"1350"	"tracked-clean"	"tracked-clean"	"candidate-decision"	"R12-IMPLEMENTATION-TASK"	"completed-implementation-slice-derived-from-internal-spec"	"Historical Phase 1 implementation plan and completion evidence; does not independently preserve an original requirement."	"Derived from the Phase 1 spec and later completed through implementation commits."	"not-found"	"not-found"	"not-found"	"not-found"	"not-approved-by-this-classification"	"do-not-extract-from-this-document; trace-any-claimed-requirement-to-upstream-spec-and-primary-evidence"	"Retain build scope, acceptance checks and completion commit as implementation history only."	"R12-historical-local-specs-and-issues.md; section=分组调查矩阵"
"R12-06"	"R12"	".scratch/mes-ingest-phase-1/issues/06-restart-recovery-barrier.md"	"b84a03a697a304d97cbcbf07cab3f890d5d096230daf45cbb0f481ebdba1fcae"	"1653"	"tracked-clean"	"tracked-clean"	"candidate-decision"	"R12-IMPLEMENTATION-TASK"	"completed-implementation-slice-derived-from-internal-spec"	"Historical Phase 1 implementation plan and completion evidence; does not independently preserve an original requirement."	"Derived from the Phase 1 spec and later completed through implementation commits."	"not-found"	"not-found"	"not-found"	"not-found"	"not-approved-by-this-classification"	"do-not-extract-from-this-document; trace-any-claimed-requirement-to-upstream-spec-and-primary-evidence"	"Retain build scope, acceptance checks and completion commit as implementation history only."	"R12-historical-local-specs-and-issues.md; section=分组调查矩阵"
"R12-07"	"R12"	".scratch/mes-ingest-phase-1/issues/07-windows-service-single-flight-poll.md"	"f29716f21e67c30165c54dd46b5fcaf9ecfa973d8d38cff24984b60d1938ace7"	"1441"	"tracked-clean"	"tracked-clean"	"candidate-decision"	"R12-IMPLEMENTATION-TASK"	"completed-implementation-slice-derived-from-internal-spec"	"Historical Phase 1 implementation plan and completion evidence; does not independently preserve an original requirement."	"Derived from the Phase 1 spec and later completed through implementation commits."	"not-found"	"not-found"	"not-found"	"not-found"	"not-approved-by-this-classification"	"do-not-extract-from-this-document; trace-any-claimed-requirement-to-upstream-spec-and-primary-evidence"	"Retain build scope, acceptance checks and completion commit as implementation history only."	"R12-historical-local-specs-and-issues.md; section=分组调查矩阵"
"R12-08"	"R12"	".scratch/mes-ingest-phase-1/issues/08-oracle-source-and-probe.md"	"5b9588d598a7c4af02ef28beb4077f0e210727de9789cfaf3d244be1229b2183"	"1424"	"tracked-clean"	"tracked-clean"	"candidate-decision"	"R12-IMPLEMENTATION-TASK"	"completed-implementation-slice-derived-from-internal-spec"	"Historical Phase 1 implementation plan and completion evidence; does not independently preserve an original requirement."	"Derived from the Phase 1 spec and later completed through implementation commits."	"not-found"	"not-found"	"not-found"	"not-found"	"not-approved-by-this-classification"	"do-not-extract-from-this-document; trace-any-claimed-requirement-to-upstream-spec-and-primary-evidence"	"Retain build scope, acceptance checks and completion commit as implementation history only."	"R12-historical-local-specs-and-issues.md; section=分组调查矩阵"
"R12-09"	"R12"	".scratch/mes-ingest-phase-1/issues/09-wpf-watch-thin-client.md"	"1d8141b69af5fe85f1c64a3d861d7724ca7c2eae455e239a542b3879d5d00600"	"1525"	"tracked-clean"	"tracked-clean"	"candidate-decision"	"R12-IMPLEMENTATION-TASK"	"completed-implementation-slice-derived-from-internal-spec"	"Historical Phase 1 implementation plan and completion evidence; does not independently preserve an original requirement."	"Derived from the Phase 1 spec and later completed through implementation commits."	"not-found"	"not-found"	"not-found"	"not-found"	"not-approved-by-this-classification"	"do-not-extract-from-this-document; trace-any-claimed-requirement-to-upstream-spec-and-primary-evidence"	"Retain build scope, acceptance checks and completion commit as implementation history only."	"R12-historical-local-specs-and-issues.md; section=分组调查矩阵"
"R12-10"	"R12"	".scratch/mes-ingest-phase-1/issues/10-install-package-and-secure-config.md"	"159e3908ec17de1b7a1307cdf9fd9200400092b4d98cdd67ce6088723ac2a488"	"1485"	"tracked-clean"	"tracked-clean"	"candidate-decision"	"R12-IMPLEMENTATION-TASK"	"completed-implementation-slice-derived-from-internal-spec"	"Historical Phase 1 implementation plan and completion evidence; does not independently preserve an original requirement."	"Derived from the Phase 1 spec and later completed through implementation commits."	"not-found"	"not-found"	"not-found"	"not-found"	"not-approved-by-this-classification"	"do-not-extract-from-this-document; trace-any-claimed-requirement-to-upstream-spec-and-primary-evidence"	"Retain build scope, acceptance checks and completion commit as implementation history only."	"R12-historical-local-specs-and-issues.md; section=分组调查矩阵"
"R12-11"	"R12"	".scratch/mes-ingest-phase-1/issues/11-factory-validation-feedback-loop.md"	"c4ff7d8222100f920725528666db98d624408afd88fbfaec28b1fa51526f8ec7"	"1645"	"tracked-clean"	"tracked-clean"	"candidate-decision"	"R12-IMPLEMENTATION-TASK"	"completed-implementation-slice-derived-from-internal-spec"	"Historical Phase 1 implementation plan and completion evidence; does not independently preserve an original requirement."	"Derived from the Phase 1 spec and later completed through implementation commits."	"not-found"	"not-found"	"not-found"	"not-found"	"not-approved-by-this-classification"	"do-not-extract-from-this-document; trace-any-claimed-requirement-to-upstream-spec-and-primary-evidence"	"Retain build scope, acceptance checks and completion commit as implementation history only."	"R12-historical-local-specs-and-issues.md; section=分组调查矩阵"
"R12-12"	"R12"	".scratch/mes-ingest-phase-1/issues/12-zero-drop-counts-after-baseline.md"	"c96d958377e221e8599b2d1b3c35fc44b1acb26d8c22d4e102efecd3e76bb43b"	"1602"	"tracked-clean"	"tracked-clean"	"candidate-decision"	"R12-IMPLEMENTATION-DEVIATION-FIX"	"implementation-or-review-deviation-and-fix-record"	"Historical Phase 1 implementation deviation/current-state fix; upstream contract alone may become a candidate."	"Created after implementation or review exposed a concrete deviation, then closed by a fix commit."	"not-found"	"not-found"	"not-found"	"not-found"	"not-approved-by-this-classification"	"do-not-extract-from-this-document; retain-as-current-state-and-regression-evidence"	"Retain referenced upstream contract, repro, regression test and fix commit without promoting derived UI/data-model details."	"R12-historical-local-specs-and-issues.md; section=分组调查矩阵"
"R12-13"	"R12"	".scratch/mes-ingest-phase-1/issues/13-demand-dto-relevant-alerts.md"	"11a59959a7a4ef043edbbf6b2d3ff318742158a8982a54cf7cd3c6b8b02bc966"	"1366"	"tracked-clean"	"tracked-clean"	"candidate-decision"	"R12-IMPLEMENTATION-DEVIATION-FIX"	"implementation-or-review-deviation-and-fix-record"	"Historical Phase 1 implementation deviation/current-state fix; upstream contract alone may become a candidate."	"Created after implementation or review exposed a concrete deviation, then closed by a fix commit."	"not-found"	"not-found"	"not-found"	"not-found"	"not-approved-by-this-classification"	"do-not-extract-from-this-document; retain-as-current-state-and-regression-evidence"	"Retain referenced upstream contract, repro, regression test and fix commit without promoting derived UI/data-model details."	"R12-historical-local-specs-and-issues.md; section=分组调查矩阵"
"R12-14"	"R12"	".scratch/mes-ingest-phase-1/issues/14-watch-banner-before-first-poll.md"	"f11afd982aff4a3e2e8a65c27367c74fd91300a7458060ddd474ae07aabedabc"	"1494"	"tracked-clean"	"tracked-clean"	"candidate-decision"	"R12-IMPLEMENTATION-DEVIATION-FIX"	"implementation-or-review-deviation-and-fix-record"	"Historical Phase 1 implementation deviation/current-state fix; upstream contract alone may become a candidate."	"Created after implementation or review exposed a concrete deviation, then closed by a fix commit."	"not-found"	"not-found"	"not-found"	"not-found"	"not-approved-by-this-classification"	"do-not-extract-from-this-document; retain-as-current-state-and-regression-evidence"	"Retain referenced upstream contract, repro, regression test and fix commit without promoting derived UI/data-model details."	"R12-historical-local-specs-and-issues.md; section=分组调查矩阵"
"R12-15"	"R12"	".scratch/mes-ingest-phase-1/issues/15-row-parse-errors-as-incomplete.md"	"64e065420dc53534a23599fa4328efd4041ed9ccd0c6e722ab3938c1ed03be15"	"1775"	"tracked-clean"	"tracked-clean"	"candidate-decision"	"R12-IMPLEMENTATION-DEVIATION-FIX"	"implementation-or-review-deviation-and-fix-record"	"Historical Phase 1 implementation deviation/current-state fix; upstream contract alone may become a candidate."	"Created after implementation or review exposed a concrete deviation, then closed by a fix commit."	"not-found"	"not-found"	"not-found"	"not-found"	"not-approved-by-this-classification"	"do-not-extract-from-this-document; retain-as-current-state-and-regression-evidence"	"Retain referenced upstream contract, repro, regression test and fix commit without promoting derived UI/data-model details."	"R12-historical-local-specs-and-issues.md; section=分组调查矩阵"
"R12-16"	"R12"	".scratch/mes-ingest-phase-1/issues/16-watch-env-config-binding.md"	"377d5fd6504891784608ebcec0097e2812bca5a1e9b697aad8c0ae6707ffaaa0"	"1757"	"tracked-clean"	"tracked-clean"	"candidate-decision"	"R12-IMPLEMENTATION-DEVIATION-FIX"	"implementation-or-review-deviation-and-fix-record"	"Historical Phase 1 implementation deviation/current-state fix; upstream contract alone may become a candidate."	"Created after implementation or review exposed a concrete deviation, then closed by a fix commit."	"not-found"	"not-found"	"not-found"	"not-found"	"not-approved-by-this-classification"	"do-not-extract-from-this-document; retain-as-current-state-and-regression-evidence"	"Retain referenced upstream contract, repro, regression test and fix commit without promoting derived UI/data-model details."	"R12-historical-local-specs-and-issues.md; section=分组调查矩阵"
"R12-17"	"R12"	".scratch/mes-ingest-phase-1/spec.md"	"0119b0f6b64658928f5f01f5c600dd7cd2d0199f6f30b1a9407620fd2b251f90"	"19388"	"tracked-clean"	"tracked-clean"	"candidate-decision"	"R12-SPEC-MIXED"	"internal-implementation-spec-mixing-requirement-summaries-and-design"	"MesIngest Phase 1 implementation spec; possible decision summaries are mixed with architecture, defaults, UI/API and delivery design."	"Created from internal planning and upstream MES/ADR material; ready-for-agent or confirmed wording is not a four-element approval record."	"not-found"	"not-found"	"not-found"	"not-found"	"not-approved-by-this-classification"	"candidate-only-after-story-and-semantic-level-decomposition-upstream-source-review-current-applicability-check-and-explicit-approval"	"Retain user-story/domain-semantic/functional-requirement pointers; separate customer MES semantics, operational/UI preferences, API contracts and technical design."	"R12-historical-local-specs-and-issues.md; section=分组调查矩阵"
"R12-18"	"R12"	".scratch/mes-ingest-review-remediation/issues/01-change-feed-cursor-expiry-and-monotonic-watermark.md"	"1ef1248a0c0eacce879b98cd32743fdebeb93917d1a3b9ec5348c97658b8172c"	"2851"	"tracked-clean"	"tracked-clean"	"candidate-decision"	"R12-REVIEW-REMEDIATION"	"code-review-finding-and-regression-fix-record"	"Historical implementation-review finding and repair; authoritative only as evidence that an implementation diverged from an upstream contract at that time."	"Created by code review, with parent/reference, repro, regression tests and a later fix."	"not-found"	"not-found"	"not-found"	"not-found"	"not-approved-by-this-classification"	"do-not-extract-from-this-document; retain-as-current-state-and-regression-evidence"	"Retain upstream reference, repro, regression and fix history; new interaction/default/model choices remain derived design."	"R12-historical-local-specs-and-issues.md; section=分组调查矩阵"
"R12-19"	"R12"	".scratch/mes-ingest-review-remediation/issues/02-restart-zero-drop-baseline-excludes-invalid-rows.md"	"0bd6a9e1cfeabd83aeeb6131b3cdb6607573b3a116d2a3d90114a1d8d6ee11b5"	"2576"	"tracked-clean"	"tracked-clean"	"candidate-decision"	"R12-REVIEW-REMEDIATION"	"code-review-finding-and-regression-fix-record"	"Historical implementation-review finding and repair; authoritative only as evidence that an implementation diverged from an upstream contract at that time."	"Created by code review, with parent/reference, repro, regression tests and a later fix."	"not-found"	"not-found"	"not-found"	"not-found"	"not-approved-by-this-classification"	"do-not-extract-from-this-document; retain-as-current-state-and-regression-evidence"	"Retain upstream reference, repro, regression and fix history; new interaction/default/model choices remain derived design."	"R12-historical-local-specs-and-issues.md; section=分组调查矩阵"
"R12-20"	"R12"	".scratch/mes-ingest-review-remediation/issues/03-descending-demand-keyset-tie-break.md"	"07853010f14acf5ab6fd7cb5b358c9055b542bad5feda68716c794025798c374"	"2121"	"tracked-clean"	"tracked-clean"	"candidate-decision"	"R12-REVIEW-REMEDIATION"	"code-review-finding-and-regression-fix-record"	"Historical implementation-review finding and repair; authoritative only as evidence that an implementation diverged from an upstream contract at that time."	"Created by code review, with parent/reference, repro, regression tests and a later fix."	"not-found"	"not-found"	"not-found"	"not-found"	"not-approved-by-this-classification"	"do-not-extract-from-this-document; retain-as-current-state-and-regression-evidence"	"Retain upstream reference, repro, regression and fix history; new interaction/default/model choices remain derived design."	"R12-historical-local-specs-and-issues.md; section=分组调查矩阵"
"R12-21"	"R12"	".scratch/mes-ingest-review-remediation/issues/04-transactional-sql-schema-upgrade.md"	"40a3483253a35b05f46fc85bf75424f61c1c5732c261e1e27a0107c2541725b5"	"2204"	"tracked-clean"	"tracked-clean"	"candidate-decision"	"R12-REVIEW-REMEDIATION"	"code-review-finding-and-regression-fix-record"	"Historical implementation-review finding and repair; authoritative only as evidence that an implementation diverged from an upstream contract at that time."	"Created by code review, with parent/reference, repro, regression tests and a later fix."	"not-found"	"not-found"	"not-found"	"not-found"	"not-approved-by-this-classification"	"do-not-extract-from-this-document; retain-as-current-state-and-regression-evidence"	"Retain upstream reference, repro, regression and fix history; new interaction/default/model choices remain derived design."	"R12-historical-local-specs-and-issues.md; section=分组调查矩阵"
"R12-22"	"R12"	".scratch/mes-ingest-review-remediation/issues/05-zero-byte-csv-as-incomplete.md"	"e1aeb7ba376a75b78c5674ad3625be0cd8dad2300129a548e2cb7cebafbd6f1b"	"2411"	"tracked-clean"	"tracked-clean"	"candidate-decision"	"R12-REVIEW-REMEDIATION"	"code-review-finding-and-regression-fix-record"	"Historical implementation-review finding and repair; authoritative only as evidence that an implementation diverged from an upstream contract at that time."	"Created by code review, with parent/reference, repro, regression tests and a later fix."	"not-found"	"not-found"	"not-found"	"not-found"	"not-approved-by-this-classification"	"do-not-extract-from-this-document; retain-as-current-state-and-regression-evidence"	"Retain upstream reference, repro, regression and fix history; new interaction/default/model choices remain derived design."	"R12-historical-local-specs-and-issues.md; section=分组调查矩阵"
"R12-23"	"R12"	".scratch/mes-ingest-review-remediation/issues/06-inmemory-store-concurrent-safety.md"	"33f1e2b983b9420e2d4cf7bde71b2a78d81a2502487127d6ad1e0ab905ef7640"	"3779"	"tracked-clean"	"tracked-clean"	"candidate-decision"	"R12-REVIEW-REMEDIATION"	"code-review-finding-and-regression-fix-record"	"Historical implementation-review finding and repair; authoritative only as evidence that an implementation diverged from an upstream contract at that time."	"Created by code review, with parent/reference, repro, regression tests and a later fix."	"not-found"	"not-found"	"not-found"	"not-found"	"not-approved-by-this-classification"	"do-not-extract-from-this-document; retain-as-current-state-and-regression-evidence"	"Retain upstream reference, repro, regression and fix history; new interaction/default/model choices remain derived design."	"R12-historical-local-specs-and-issues.md; section=分组调查矩阵"
"R12-24"	"R12"	".scratch/mes-ingest-review-remediation/issues/07-watch-load-more-and-server-side-paging-sort.md"	"6c7d51ed63eab40bd1f1ed11579334fca751f36ec9c6622907da69f72087e41a"	"2556"	"tracked-clean"	"tracked-clean"	"candidate-decision"	"R12-REVIEW-REMEDIATION"	"code-review-finding-and-regression-fix-record"	"Historical implementation-review finding and repair; authoritative only as evidence that an implementation diverged from an upstream contract at that time."	"Created by code review, with parent/reference, repro, regression tests and a later fix."	"not-found"	"not-found"	"not-found"	"not-found"	"not-approved-by-this-classification"	"do-not-extract-from-this-document; retain-as-current-state-and-regression-evidence"	"Retain upstream reference, repro, regression and fix history; new interaction/default/model choices remain derived design."	"R12-historical-local-specs-and-issues.md; section=分组调查矩阵"
"R12-25"	"R12"	".scratch/mes-ingest-review-remediation/issues/08-watch-context-menu-details-with-clipboard.md"	"199ba5ddc5155acf9f9103ed20f320f34ce60ca814f2b2b2f4bcd3f6778d7cc8"	"2133"	"tracked-clean"	"tracked-clean"	"candidate-decision"	"R12-REVIEW-REMEDIATION"	"code-review-finding-and-regression-fix-record"	"Historical implementation-review finding and repair; authoritative only as evidence that an implementation diverged from an upstream contract at that time."	"Created by code review, with parent/reference, repro, regression tests and a later fix."	"not-found"	"not-found"	"not-found"	"not-found"	"not-approved-by-this-classification"	"do-not-extract-from-this-document; retain-as-current-state-and-regression-evidence"	"Retain upstream reference, repro, regression and fix history; new interaction/default/model choices remain derived design."	"R12-historical-local-specs-and-issues.md; section=分组调查矩阵"
"R12-26"	"R12"	".scratch/mes-ingest-review-remediation/issues/09-reappear-alert-previous-gone-demand-id.md"	"0183d7c8b79fe760f8966acb368e30f8b582b355b799ad5145654c2cba6ce851"	"2423"	"tracked-clean"	"tracked-clean"	"candidate-decision"	"R12-REVIEW-REMEDIATION"	"code-review-finding-and-regression-fix-record"	"Historical implementation-review finding and repair; authoritative only as evidence that an implementation diverged from an upstream contract at that time."	"Created by code review, with parent/reference, repro, regression tests and a later fix."	"not-found"	"not-found"	"not-found"	"not-found"	"not-approved-by-this-classification"	"do-not-extract-from-this-document; retain-as-current-state-and-regression-evidence"	"Retain upstream reference, repro, regression and fix history; new interaction/default/model choices remain derived design."	"R12-historical-local-specs-and-issues.md; section=分组调查矩阵"
"R12-27"	"R12"	".scratch/mes-ingest-review-remediation/issues/10-alerts-openapi-sortby-parity.md"	"7002c15ad9def9f6a3e90e6e38b0ee14e2764ba0d095b9f71504f16ccb9e8e86"	"2025"	"tracked-clean"	"tracked-clean"	"candidate-decision"	"R12-REVIEW-REMEDIATION"	"code-review-finding-and-regression-fix-record"	"Historical implementation-review finding and repair; authoritative only as evidence that an implementation diverged from an upstream contract at that time."	"Created by code review, with parent/reference, repro, regression tests and a later fix."	"not-found"	"not-found"	"not-found"	"not-found"	"not-approved-by-this-classification"	"do-not-extract-from-this-document; retain-as-current-state-and-regression-evidence"	"Retain upstream reference, repro, regression and fix history; new interaction/default/model choices remain derived design."	"R12-historical-local-specs-and-issues.md; section=分组调查矩阵"
"R12-28"	"R12"	".scratch/mes-ingest-review-remediation/issues/11-watch-latency-log-retention-and-nonfatal-io.md"	"f2272ee8b8fa34c1c6cd36be3453370141453548de53046e854a7b1ec4739aca"	"2005"	"tracked-clean"	"tracked-clean"	"candidate-decision"	"R12-REVIEW-REMEDIATION"	"code-review-finding-and-regression-fix-record"	"Historical implementation-review finding and repair; authoritative only as evidence that an implementation diverged from an upstream contract at that time."	"Created by code review, with parent/reference, repro, regression tests and a later fix."	"not-found"	"not-found"	"not-found"	"not-found"	"not-approved-by-this-classification"	"do-not-extract-from-this-document; retain-as-current-state-and-regression-evidence"	"Retain upstream reference, repro, regression and fix history; new interaction/default/model choices remain derived design."	"R12-historical-local-specs-and-issues.md; section=分组调查矩阵"
"R12-29"	"R12"	".scratch/mes-ingest-review-remediation/issues/12-watch-local-logging-failure-isolation.md"	"d0355efeff0096b3e6c9be7b02c6867302ef9a7efbff1c242cc94c5983062956"	"1713"	"tracked-clean"	"tracked-clean"	"candidate-decision"	"R12-REVIEW-REMEDIATION"	"code-review-finding-and-regression-fix-record"	"Historical implementation-review finding and repair; authoritative only as evidence that an implementation diverged from an upstream contract at that time."	"Created by code review, with parent/reference, repro, regression tests and a later fix."	"not-found"	"not-found"	"not-found"	"not-found"	"not-approved-by-this-classification"	"do-not-extract-from-this-document; retain-as-current-state-and-regression-evidence"	"Retain upstream reference, repro, regression and fix history; new interaction/default/model choices remain derived design."	"R12-historical-local-specs-and-issues.md; section=分组调查矩阵"
"R12-30"	"R12"	".scratch/mes-ingest-review-remediation/issues/13-watch-alert-cursor-pagination.md"	"56455397e88cd8715422a25e265ab00c50d39c0ebebdd9647469d1bb1249fc9c"	"1742"	"tracked-clean"	"tracked-clean"	"candidate-decision"	"R12-REVIEW-REMEDIATION"	"code-review-finding-and-regression-fix-record"	"Historical implementation-review finding and repair; authoritative only as evidence that an implementation diverged from an upstream contract at that time."	"Created by code review, with parent/reference, repro, regression tests and a later fix."	"not-found"	"not-found"	"not-found"	"not-found"	"not-approved-by-this-classification"	"do-not-extract-from-this-document; retain-as-current-state-and-regression-evidence"	"Retain upstream reference, repro, regression and fix history; new interaction/default/model choices remain derived design."	"R12-historical-local-specs-and-issues.md; section=分组调查矩阵"
"R12-31"	"R12"	".scratch/mes-ingest-review-remediation/issues/14-watch-alert-all-visible-column-sorting.md"	"cd04c7b76bf53693dc02ffe79a5ff00952086f4e4b26f05c5e65c5d0bebb09ee"	"1938"	"tracked-clean"	"tracked-clean"	"candidate-decision"	"R12-REVIEW-REMEDIATION"	"code-review-finding-and-regression-fix-record"	"Historical implementation-review finding and repair; authoritative only as evidence that an implementation diverged from an upstream contract at that time."	"Created by code review, with parent/reference, repro, regression tests and a later fix."	"not-found"	"not-found"	"not-found"	"not-found"	"not-approved-by-this-classification"	"do-not-extract-from-this-document; retain-as-current-state-and-regression-evidence"	"Retain upstream reference, repro, regression and fix history; new interaction/default/model choices remain derived design."	"R12-historical-local-specs-and-issues.md; section=分组调查矩阵"
"R12-32"	"R12"	".scratch/mes-ingest-review-remediation/issues/15-watch-demand-all-visible-column-sorting.md"	"4a790078b69d11bcdfc08a827b1d9f0af60bf824a462724258e9452adda108b4"	"2185"	"tracked-clean"	"tracked-clean"	"candidate-decision"	"R12-REVIEW-REMEDIATION"	"code-review-finding-and-regression-fix-record"	"Historical implementation-review finding and repair; authoritative only as evidence that an implementation diverged from an upstream contract at that time."	"Created by code review, with parent/reference, repro, regression tests and a later fix."	"not-found"	"not-found"	"not-found"	"not-found"	"not-approved-by-this-classification"	"do-not-extract-from-this-document; retain-as-current-state-and-regression-evidence"	"Retain upstream reference, repro, regression and fix history; new interaction/default/model choices remain derived design."	"R12-historical-local-specs-and-issues.md; section=分组调查矩阵"
"R12-33"	"R12"	".scratch/mes-ingest-review-remediation/issues/16-reappear-previous-demand-id-actions.md"	"55f3fa8ae2f1936d5d10f15614dea0e41eb519d5586184a943a45672a0dc9172"	"1974"	"tracked-clean"	"tracked-clean"	"candidate-decision"	"R12-REVIEW-REMEDIATION"	"code-review-finding-and-regression-fix-record"	"Historical implementation-review finding and repair; authoritative only as evidence that an implementation diverged from an upstream contract at that time."	"Created by code review, with parent/reference, repro, regression tests and a later fix."	"not-found"	"not-found"	"not-found"	"not-found"	"not-approved-by-this-classification"	"do-not-extract-from-this-document; retain-as-current-state-and-regression-evidence"	"Retain upstream reference, repro, regression and fix history; new interaction/default/model choices remain derived design."	"R12-historical-local-specs-and-issues.md; section=分组调查矩阵"
"R12-34"	"R12"	".scratch/mes-ingest-review-remediation/issues/17-transport-demand-key-value-object.md"	"390d85ab7a27f9d241b9702d16882b6936def7263f42976610d2c30f0e0a07e9"	"2049"	"tracked-clean"	"tracked-clean"	"candidate-decision"	"R12-REVIEW-REMEDIATION"	"code-review-finding-and-regression-fix-record"	"Historical implementation-review finding and repair; authoritative only as evidence that an implementation diverged from an upstream contract at that time."	"Created by code review, with parent/reference, repro, regression tests and a later fix."	"not-found"	"not-found"	"not-found"	"not-found"	"not-approved-by-this-classification"	"do-not-extract-from-this-document; retain-as-current-state-and-regression-evidence"	"Retain upstream reference, repro, regression and fix history; new interaction/default/model choices remain derived design."	"R12-historical-local-specs-and-issues.md; section=分组调查矩阵"
"R12-35"	"R12"	".scratch/mes-ingest-watch-operations/issues/01-time-contract-and-local-display.md"	"0a4beadc06556e1dc73e38c7869b5f12b44c47edf43597608a39b09a960504f3"	"1275"	"tracked-clean"	"tracked-clean"	"candidate-decision"	"R12-IMPLEMENTATION-TASK"	"completed-implementation-slice-derived-from-internal-spec"	"Historical Watch implementation, operations, database, UI or factory-validation task; not independent requirement authority."	"Derived from the Watch Operations spec and completed through implementation commits."	"not-found"	"not-found"	"not-found"	"not-found"	"not-approved-by-this-classification"	"do-not-extract-from-this-document; trace-any-claimed-requirement-to-upstream-spec-and-primary-evidence"	"Retain build scope, acceptance checks and completion commit as implementation history only."	"R12-historical-local-specs-and-issues.md; section=分组调查矩阵"
"R12-36"	"R12"	".scratch/mes-ingest-watch-operations/issues/02-watch-http-reliability-and-event-journal.md"	"7846f1c3e18bfb0dfb32f15a1bed1743dde81b9a9986c48829d838a788763236"	"1238"	"tracked-clean"	"tracked-clean"	"candidate-decision"	"R12-IMPLEMENTATION-TASK"	"completed-implementation-slice-derived-from-internal-spec"	"Historical Watch implementation, operations, database, UI or factory-validation task; not independent requirement authority."	"Derived from the Watch Operations spec and completed through implementation commits."	"not-found"	"not-found"	"not-found"	"not-found"	"not-approved-by-this-classification"	"do-not-extract-from-this-document; trace-any-claimed-requirement-to-upstream-spec-and-primary-evidence"	"Retain build scope, acceptance checks and completion commit as implementation history only."	"R12-historical-local-specs-and-issues.md; section=分组调查矩阵"
"R12-37"	"R12"	".scratch/mes-ingest-watch-operations/issues/03-end-to-end-latency-telemetry.md"	"21b9a07bd656f3c6bf694433722c3696ff8c7d43fbf6fbb516912a30264e82b4"	"1501"	"tracked-clean"	"tracked-clean"	"candidate-decision"	"R12-IMPLEMENTATION-TASK"	"completed-implementation-slice-derived-from-internal-spec"	"Historical Watch implementation, operations, database, UI or factory-validation task; not independent requirement authority."	"Derived from the Watch Operations spec and completed through implementation commits."	"not-found"	"not-found"	"not-found"	"not-found"	"not-approved-by-this-classification"	"do-not-extract-from-this-document; trace-any-claimed-requirement-to-upstream-spec-and-primary-evidence"	"Retain build scope, acceptance checks and completion commit as implementation history only."	"R12-historical-local-specs-and-issues.md; section=分组调查矩阵"
"R12-38"	"R12"	".scratch/mes-ingest-watch-operations/issues/04-incremental-sql-projection-store.md"	"312c58fc5f98bd50f58dabe75126fb8a9ac0cb109ea27df4048bd2a07d65b1b1"	"1491"	"tracked-clean"	"tracked-clean"	"candidate-decision"	"R12-IMPLEMENTATION-TASK"	"completed-implementation-slice-derived-from-internal-spec"	"Historical Watch implementation, operations, database, UI or factory-validation task; not independent requirement authority."	"Derived from the Watch Operations spec and completed through implementation commits."	"not-found"	"not-found"	"not-found"	"not-found"	"not-approved-by-this-classification"	"do-not-extract-from-this-document; trace-any-claimed-requirement-to-upstream-spec-and-primary-evidence"	"Retain build scope, acceptance checks and completion commit as implementation history only."	"R12-historical-local-specs-and-issues.md; section=分组调查矩阵"
"R12-39"	"R12"	".scratch/mes-ingest-watch-operations/issues/05-paginated-indexed-demand-api.md"	"0ca7555037b8d361b9138d83fd7dd898ac6b8d2110fd5b006551ceaa11dde91a"	"1580"	"tracked-clean"	"tracked-clean"	"candidate-decision"	"R12-IMPLEMENTATION-TASK"	"completed-implementation-slice-derived-from-internal-spec"	"Historical Watch implementation, operations, database, UI or factory-validation task; not independent requirement authority."	"Derived from the Watch Operations spec and completed through implementation commits."	"not-found"	"not-found"	"not-found"	"not-found"	"not-approved-by-this-classification"	"do-not-extract-from-this-document; trace-any-claimed-requirement-to-upstream-spec-and-primary-evidence"	"Retain build scope, acceptance checks and completion commit as implementation history only."	"R12-historical-local-specs-and-issues.md; section=分组调查矩阵"
"R12-40"	"R12"	".scratch/mes-ingest-watch-operations/issues/06-demand-change-feed-and-bootstrap.md"	"c96f2cdb9e6da8ce427f576c80c7732ff7740281b0deda54b2bfa9d9355556a4"	"1532"	"tracked-clean"	"tracked-clean"	"candidate-decision"	"R12-IMPLEMENTATION-TASK"	"completed-implementation-slice-derived-from-internal-spec"	"Historical Watch implementation, operations, database, UI or factory-validation task; not independent requirement authority."	"Derived from the Watch Operations spec and completed through implementation commits."	"not-found"	"not-found"	"not-found"	"not-found"	"not-approved-by-this-classification"	"do-not-extract-from-this-document; trace-any-claimed-requirement-to-upstream-spec-and-primary-evidence"	"Retain build scope, acceptance checks and completion commit as implementation history only."	"R12-historical-local-specs-and-issues.md; section=分组调查矩阵"
"R12-41"	"R12"	".scratch/mes-ingest-watch-operations/issues/07-watch-paged-demand-browsing-and-sorting.md"	"091106bcbbf8b6bdafe61601fb4a53f567f08c6546cc3dac11267138618b0247"	"1302"	"tracked-clean"	"tracked-clean"	"candidate-decision"	"R12-IMPLEMENTATION-TASK"	"completed-implementation-slice-derived-from-internal-spec"	"Historical Watch implementation, operations, database, UI or factory-validation task; not independent requirement authority."	"Derived from the Watch Operations spec and completed through implementation commits."	"not-found"	"not-found"	"not-found"	"not-found"	"not-approved-by-this-classification"	"do-not-extract-from-this-document; trace-any-claimed-requirement-to-upstream-spec-and-primary-evidence"	"Retain build scope, acceptance checks and completion commit as implementation history only."	"R12-historical-local-specs-and-issues.md; section=分组调查矩阵"
"R12-42"	"R12"	".scratch/mes-ingest-watch-operations/issues/08-watch-grid-clipboard.md"	"3a6d7ee86fdec19b51df5fe4da04f8b4f5cd2ff70096cf0264d1242bf445d6d2"	"1354"	"tracked-clean"	"tracked-clean"	"candidate-decision"	"R12-IMPLEMENTATION-TASK"	"completed-implementation-slice-derived-from-internal-spec"	"Historical Watch implementation, operations, database, UI or factory-validation task; not independent requirement authority."	"Derived from the Watch Operations spec and completed through implementation commits."	"not-found"	"not-found"	"not-found"	"not-found"	"not-approved-by-this-classification"	"do-not-extract-from-this-document; trace-any-claimed-requirement-to-upstream-spec-and-primary-evidence"	"Retain build scope, acceptance checks and completion commit as implementation history only."	"R12-historical-local-specs-and-issues.md; section=分组调查矩阵"
"R12-43"	"R12"	".scratch/mes-ingest-watch-operations/issues/09-watch-resizable-panes-and-preferences.md"	"a266ebecafd5962b223a145ac6817919150cf8fe295adcdabb83633eb74788dc"	"1089"	"tracked-clean"	"tracked-clean"	"candidate-decision"	"R12-IMPLEMENTATION-TASK"	"completed-implementation-slice-derived-from-internal-spec"	"Historical Watch implementation, operations, database, UI or factory-validation task; not independent requirement authority."	"Derived from the Watch Operations spec and completed through implementation commits."	"not-found"	"not-found"	"not-found"	"not-found"	"not-approved-by-this-classification"	"do-not-extract-from-this-document; trace-any-claimed-requirement-to-upstream-spec-and-primary-evidence"	"Retain build scope, acceptance checks and completion commit as implementation history only."	"R12-historical-local-specs-and-issues.md; section=分组调查矩阵"
"R12-44"	"R12"	".scratch/mes-ingest-watch-operations/issues/10-ingest-alert-incident-model.md"	"e0249698dcff88ac0e5499beb3a5887681fc60cd00e6588d24bfa0b0c8afac3f"	"1932"	"tracked-clean"	"tracked-clean"	"candidate-decision"	"R12-IMPLEMENTATION-TASK"	"completed-implementation-slice-derived-from-internal-spec"	"Historical Watch implementation, operations, database, UI or factory-validation task; not independent requirement authority."	"Derived from the Watch Operations spec and completed through implementation commits."	"not-found"	"not-found"	"not-found"	"not-found"	"not-approved-by-this-classification"	"do-not-extract-from-this-document; trace-any-claimed-requirement-to-upstream-spec-and-primary-evidence"	"Retain build scope, acceptance checks and completion commit as implementation history only."	"R12-historical-local-specs-and-issues.md; section=分组调查矩阵"
"R12-45"	"R12"	".scratch/mes-ingest-watch-operations/issues/11-watch-alert-detail-and-unified-events.md"	"17f52a731a7fee3b9a0be9f94e955bb7f0ae9101262f64047f1a4c5313de69cc"	"1519"	"tracked-clean"	"tracked-clean"	"candidate-decision"	"R12-IMPLEMENTATION-TASK"	"completed-implementation-slice-derived-from-internal-spec"	"Historical Watch implementation, operations, database, UI or factory-validation task; not independent requirement authority."	"Derived from the Watch Operations spec and completed through implementation commits."	"not-found"	"not-found"	"not-found"	"not-found"	"not-approved-by-this-classification"	"do-not-extract-from-this-document; trace-any-claimed-requirement-to-upstream-spec-and-primary-evidence"	"Retain build scope, acceptance checks and completion commit as implementation history only."	"R12-historical-local-specs-and-issues.md; section=分组调查矩阵"
"R12-46"	"R12"	".scratch/mes-ingest-watch-operations/issues/12-swagger-openapi-read-contract.md"	"720959fe5666aa06fb22d47211ac415dffad6619880bfbc5984a2c19aefdbd9f"	"1597"	"tracked-clean"	"tracked-clean"	"candidate-decision"	"R12-IMPLEMENTATION-TASK"	"completed-implementation-slice-derived-from-internal-spec"	"Historical Watch implementation, operations, database, UI or factory-validation task; not independent requirement authority."	"Derived from the Watch Operations spec and completed through implementation commits."	"not-found"	"not-found"	"not-found"	"not-found"	"not-approved-by-this-classification"	"do-not-extract-from-this-document; trace-any-claimed-requirement-to-upstream-spec-and-primary-evidence"	"Retain build scope, acceptance checks and completion commit as implementation history only."	"R12-historical-local-specs-and-issues.md; section=分组调查矩阵"
"R12-47"	"R12"	".scratch/mes-ingest-watch-operations/issues/13-watch-status-bar-and-reliable-banners.md"	"01bd38848253f515b3df764713b5ec1bf3647500aabec6e0e23e12e2e24f049a"	"1631"	"tracked-clean"	"tracked-clean"	"candidate-decision"	"R12-IMPLEMENTATION-TASK"	"completed-implementation-slice-derived-from-internal-spec"	"Historical Watch implementation, operations, database, UI or factory-validation task; not independent requirement authority."	"Derived from the Watch Operations spec and completed through implementation commits."	"not-found"	"not-found"	"not-found"	"not-found"	"not-approved-by-this-classification"	"do-not-extract-from-this-document; trace-any-claimed-requirement-to-upstream-spec-and-primary-evidence"	"Retain build scope, acceptance checks and completion commit as implementation history only."	"R12-historical-local-specs-and-issues.md; section=分组调查矩阵"
"R12-48"	"R12"	".scratch/mes-ingest-watch-operations/issues/14-schema-migration-config-and-upgrade-package.md"	"ba1422afb3f1ccaa506afe16dbda923467834f9021431301f3de091094c205be"	"1773"	"tracked-clean"	"tracked-clean"	"candidate-decision"	"R12-IMPLEMENTATION-TASK"	"completed-implementation-slice-derived-from-internal-spec"	"Historical Watch implementation, operations, database, UI or factory-validation task; not independent requirement authority."	"Derived from the Watch Operations spec and completed through implementation commits."	"not-found"	"not-found"	"not-found"	"not-found"	"not-approved-by-this-classification"	"do-not-extract-from-this-document; trace-any-claimed-requirement-to-upstream-spec-and-primary-evidence"	"Retain build scope, acceptance checks and completion commit as implementation history only."	"R12-historical-local-specs-and-issues.md; section=分组调查矩阵"
"R12-49"	"R12"	".scratch/mes-ingest-watch-operations/issues/15-factory-time-and-latency-validation.md"	"0858153ad264ceaa3389e3d02ffcd544ba64efaf1db7bc10c07a2f979359fca1"	"1497"	"tracked-clean"	"tracked-clean"	"candidate-decision"	"R12-IMPLEMENTATION-TASK"	"completed-implementation-slice-derived-from-internal-spec"	"Historical Watch implementation, operations, database, UI or factory-validation task; not independent requirement authority."	"Derived from the Watch Operations spec and completed through implementation commits."	"not-found"	"not-found"	"not-found"	"not-found"	"not-approved-by-this-classification"	"do-not-extract-from-this-document; trace-any-claimed-requirement-to-upstream-spec-and-primary-evidence"	"Retain build scope, acceptance checks and completion commit as implementation history only."	"R12-historical-local-specs-and-issues.md; section=分组调查矩阵"
"R12-50"	"R12"	".scratch/mes-ingest-watch-operations/spec.md"	"1952e28681dc50e849f6e61ceee095896e48cff82cb449bb0526c44895b24e9b"	"14037"	"tracked-clean"	"tracked-clean"	"candidate-decision"	"R12-SPEC-MIXED"	"internal-implementation-spec-mixing-requirement-summaries-and-design"	"MesIngest Watch Operations implementation spec; possible decision summaries are mixed with architecture, defaults, UI/API and delivery design."	"Created from internal planning and upstream MES/ADR material; ready-for-agent or confirmed wording is not a four-element approval record."	"not-found"	"not-found"	"not-found"	"not-found"	"not-approved-by-this-classification"	"candidate-only-after-story-and-semantic-level-decomposition-upstream-source-review-current-applicability-check-and-explicit-approval"	"Retain user-story/domain-semantic/functional-requirement pointers; separate customer MES semantics, operational/UI preferences, API contracts and technical design."	"R12-historical-local-specs-and-issues.md; section=分组调查矩阵"
"R13-01"	"R13"	"rcs/01-rcs-intro.md"	"b40f96da995b13b85f48e9e8cef6d2f03328b1357ce0f3fc583b7a8848025d9f"	"1852"	"tracked-clean"	"tracked-clean"	"candidate-external-constraint"	"R13-PN"	"unapproved-project-integration-note"	"Project-local access/API note with unbound environment and unsafe example credentials; not a production configuration or project authorization."	"Present by the initial 2026-07-13 commit and changed on 2026-07-16; no named approver or target-build binding."	"not-found"	"not-found"	"not-found"	"not-found"	"not-approved-by-this-classification"	"candidate-only-after-separating-environment-configuration-access-and-security-claims-controlled-snapshot-and-explicit-approval"	"Preserve 172.19.206.222 versus 172.10.1.72 environment gap and prohibit promoting admin/admin."	"R13-riot-interface-sdk-constraints.md; section=26/26 覆盖与哈希终检"
"R13-02"	"R13"	"rcs/riot_documents/文档_RIoT_V2.0.7_软件接口手册_CN_V1.0_20230510  (3).pdf"	"5567b423be0dde5d5646396c416d15b97afcce5ecd362070b9dc835c0950635e"	"1623847"	"untracked"	"tracked-clean"	"candidate-external-constraint"	"R13-IGN"	"third-party-vendor-manual-retained-for-lossless-identity-only"	"Out of scope by user direction on 2026-08-03; content is ignored for the current baseline."	"Tracked in fixed HEAD after Git-status correction; PDF readability was verified before scope exclusion."	"not-found"	"not-found"	"not-found"	"not-found"	"not-approved-by-this-classification"	"do-not-extract; vendor-manual-content-is-out-of-scope-and-retained-only-for-lossless-identity-and-source-history"	"Retain path, hash, bytes, corrected Git identity and completed PDF QA record only."	"R13-riot-interface-sdk-constraints.md; section=26/26 覆盖与哈希终检"
"R13-03"	"R13"	"rcs/riot_documents/Riot对外接口文档.pdf"	"a051ad61b4442e52d7516929bab284cff17b33f81a0370af37a41f8050d1e68b"	"2740585"	"untracked"	"tracked-clean"	"candidate-external-constraint"	"R13-IGN"	"third-party-vendor-manual-retained-for-lossless-identity-only"	"Out of scope by user direction on 2026-08-03; content is ignored for the current baseline."	"Tracked in fixed HEAD after Git-status correction; PDF readability was verified before scope exclusion."	"not-found"	"not-found"	"not-found"	"not-found"	"not-approved-by-this-classification"	"do-not-extract; vendor-manual-content-is-out-of-scope-and-retained-only-for-lossless-identity-and-source-history"	"Retain path, hash, bytes, corrected Git identity and completed PDF QA record only."	"R13-riot-interface-sdk-constraints.md; section=26/26 覆盖与哈希终检"
"R13-04"	"R13"	"rcs/riot_ithing_model/standard.oasis.300ul/standard.oasis.300ul-物模型枚举问题清单.md"	"bd0dd90f974288fa8f6246543ff78ddff2dd86d3f33a5872512fcfbee677415b"	"6561"	"untracked"	"tracked-clean"	"candidate-external-constraint"	"R13-LA"	"local-thing-model-analysis-and-provisional-design-boundary"	"Local analysis of missing/inconsistent enums plus provisional SDK/application handling; not an authoritative TSL or approved project rule."	"Present by the initial 2026-07-13 commit; Git identity corrected to tracked-clean."	"not-found"	"not-found"	"not-found"	"not-found"	"not-approved-by-this-classification"	"candidate-only-after-separating-observed-gaps-defensive-design-and-business-handling-authoritative-tsl-review-and-explicit-approval"	"Retain productKey, missing-enum questions, ticket 38 evidence gap and ticket 39 decision dependency."	"R13-riot-interface-sdk-constraints.md; section=26/26 覆盖与哈希终检"
"R13-05"	"R13"	"rcs/riot_swagger/configfile.json"	"eefea9b4fbe48df169eb04d251ae004e62caf3a927d14c18068d789b67cd1d1b"	"2242"	"tracked-clean"	"tracked-clean"	"current-state-evidence"	"R13-SS"	"uncontrolled-static-openapi-schema-snapshot"	"Static OpenAPI 3.0.3 schema with missing info.version; not yet bound to a verified RIoT build, project environment or permitted API set."	"Captured around 2026-07-06 and committed by 2026-07-13 without a controlled capture manifest."	"not-found"	"not-found"	"not-found"	"not-found"	"not-approved-by-this-classification"	"candidate-only-after-controlled-environment-version-snapshot-binding-operation-level-decomposition-api-allowlist-and-explicit-approval"	"Retain raw schema hash, server snapshot, missing version, ticket 36 environment binding and ticket 37 API safety boundary."	"R13-riot-interface-sdk-constraints.md; section=26/26 覆盖与哈希终检"
"R13-06"	"R13"	"rcs/riot_swagger/device.json"	"e35dad335c0d82663159ac5778337ff3aaae3f128bf5686318bf1fe75b8b9217"	"57858"	"tracked-clean"	"tracked-clean"	"current-state-evidence"	"R13-SS"	"uncontrolled-static-openapi-schema-snapshot"	"Static OpenAPI 3.0.3 schema with missing info.version; not yet bound to a verified RIoT build, project environment or permitted API set."	"Captured around 2026-07-06 and committed by 2026-07-13 without a controlled capture manifest."	"not-found"	"not-found"	"not-found"	"not-found"	"not-approved-by-this-classification"	"candidate-only-after-controlled-environment-version-snapshot-binding-operation-level-decomposition-api-allowlist-and-explicit-approval"	"Retain raw schema hash, server snapshot, missing version, ticket 36 environment binding and ticket 37 API safety boundary."	"R13-riot-interface-sdk-constraints.md; section=26/26 覆盖与哈希终检"
"R13-07"	"R13"	"rcs/riot_swagger/fcs.json"	"c00fc09b4c84d45578b1781926b61397f19dde392fe985928f2893d146fc645b"	"247955"	"tracked-clean"	"tracked-clean"	"current-state-evidence"	"R13-SS"	"uncontrolled-static-openapi-schema-snapshot"	"Static OpenAPI 3.0.3 schema with missing info.version; not yet bound to a verified RIoT build, project environment or permitted API set."	"Captured around 2026-07-06 and committed by 2026-07-13 without a controlled capture manifest."	"not-found"	"not-found"	"not-found"	"not-found"	"not-approved-by-this-classification"	"candidate-only-after-controlled-environment-version-snapshot-binding-operation-level-decomposition-api-allowlist-and-explicit-approval"	"Retain raw schema hash, server snapshot, missing version, ticket 36 environment binding and ticket 37 API safety boundary."	"R13-riot-interface-sdk-constraints.md; section=26/26 覆盖与哈希终检"
"R13-08"	"R13"	"rcs/riot_swagger/ifttt.json"	"eaa03c94c6509c3c3b5313ca002fde4b042e5dc0077ef3105a95366af8d25608"	"33016"	"tracked-clean"	"tracked-clean"	"current-state-evidence"	"R13-SS"	"uncontrolled-static-openapi-schema-snapshot"	"Static OpenAPI 3.0.3 schema with missing info.version; not yet bound to a verified RIoT build, project environment or permitted API set."	"Captured around 2026-07-06 and committed by 2026-07-13 without a controlled capture manifest."	"not-found"	"not-found"	"not-found"	"not-found"	"not-approved-by-this-classification"	"candidate-only-after-controlled-environment-version-snapshot-binding-operation-level-decomposition-api-allowlist-and-explicit-approval"	"Retain raw schema hash, server snapshot, missing version, ticket 36 environment binding and ticket 37 API safety boundary."	"R13-riot-interface-sdk-constraints.md; section=26/26 覆盖与哈希终检"
"R13-09"	"R13"	"rcs/riot_swagger/imap.json"	"253c5747586b9c7d9ca798c75a74193081e837a01167c6db7a20b78e8dd1a6d6"	"45355"	"tracked-clean"	"tracked-clean"	"current-state-evidence"	"R13-SS"	"uncontrolled-static-openapi-schema-snapshot"	"Static OpenAPI 3.0.3 schema with missing info.version; not yet bound to a verified RIoT build, project environment or permitted API set."	"Captured around 2026-07-06 and committed by 2026-07-13 without a controlled capture manifest."	"not-found"	"not-found"	"not-found"	"not-found"	"not-approved-by-this-classification"	"candidate-only-after-controlled-environment-version-snapshot-binding-operation-level-decomposition-api-allowlist-and-explicit-approval"	"Retain raw schema hash, server snapshot, missing version, ticket 36 environment binding and ticket 37 API safety boundary."	"R13-riot-interface-sdk-constraints.md; section=26/26 覆盖与哈希终检"
"R13-10"	"R13"	"rcs/riot_swagger/ithings.json"	"e812eea395ecc48af268d370fb00872e505eb616e6e361a0914affd5cd7d192f"	"75895"	"tracked-clean"	"tracked-clean"	"current-state-evidence"	"R13-SS"	"uncontrolled-static-openapi-schema-snapshot"	"Static OpenAPI 3.0.3 schema with missing info.version; not yet bound to a verified RIoT build, project environment or permitted API set."	"Captured around 2026-07-06 and committed by 2026-07-13 without a controlled capture manifest."	"not-found"	"not-found"	"not-found"	"not-found"	"not-approved-by-this-classification"	"candidate-only-after-controlled-environment-version-snapshot-binding-operation-level-decomposition-api-allowlist-and-explicit-approval"	"Retain raw schema hash, server snapshot, missing version, ticket 36 environment binding and ticket 37 API safety boundary."	"R13-riot-interface-sdk-constraints.md; section=26/26 覆盖与哈希终检"
"R13-11"	"R13"	"rcs/riot_swagger/logfile.json"	"0c74f952c9216a4d35c6aa1f4e320dd1587a6a876eb7220949a846388608b18d"	"2599"	"tracked-clean"	"tracked-clean"	"current-state-evidence"	"R13-SS"	"uncontrolled-static-openapi-schema-snapshot"	"Static OpenAPI 3.0.3 schema with missing info.version; not yet bound to a verified RIoT build, project environment or permitted API set."	"Captured around 2026-07-06 and committed by 2026-07-13 without a controlled capture manifest."	"not-found"	"not-found"	"not-found"	"not-found"	"not-approved-by-this-classification"	"candidate-only-after-controlled-environment-version-snapshot-binding-operation-level-decomposition-api-allowlist-and-explicit-approval"	"Retain raw schema hash, server snapshot, missing version, ticket 36 environment binding and ticket 37 API safety boundary."	"R13-riot-interface-sdk-constraints.md; section=26/26 覆盖与哈希终检"
"R13-12"	"R13"	"rcs/riot_swagger/metric.json"	"aba547573197d9f3891ff1d55019278580de86ca1c50107668caea5c9ef5c190"	"2177"	"tracked-clean"	"tracked-clean"	"current-state-evidence"	"R13-SS"	"uncontrolled-static-openapi-schema-snapshot"	"Static OpenAPI 3.0.3 schema with missing info.version; not yet bound to a verified RIoT build, project environment or permitted API set."	"Captured around 2026-07-06 and committed by 2026-07-13 without a controlled capture manifest."	"not-found"	"not-found"	"not-found"	"not-found"	"not-approved-by-this-classification"	"candidate-only-after-controlled-environment-version-snapshot-binding-operation-level-decomposition-api-allowlist-and-explicit-approval"	"Retain raw schema hash, server snapshot, missing version, ticket 36 environment binding and ticket 37 API safety boundary."	"R13-riot-interface-sdk-constraints.md; section=26/26 覆盖与哈希终检"
"R13-13"	"R13"	"rcs/riot_swagger/order.json"	"e364ffac680582f9cbdf3b3b7f4055486bd88bbcb20370bcf55889ca54efd038"	"76114"	"tracked-clean"	"tracked-clean"	"current-state-evidence"	"R13-SS"	"uncontrolled-static-openapi-schema-snapshot"	"Static OpenAPI 3.0.3 schema with missing info.version; not yet bound to a verified RIoT build, project environment or permitted API set."	"Captured around 2026-07-06 and committed by 2026-07-13 without a controlled capture manifest."	"not-found"	"not-found"	"not-found"	"not-found"	"not-approved-by-this-classification"	"candidate-only-after-controlled-environment-version-snapshot-binding-operation-level-decomposition-api-allowlist-and-explicit-approval"	"Retain raw schema hash, server snapshot, missing version, ticket 36 environment binding and ticket 37 API safety boundary."	"R13-riot-interface-sdk-constraints.md; section=26/26 覆盖与哈希终检"
"R13-14"	"R13"	"rcs/riot_swagger/secuirty.json"	"abb1eb572371e6eb44df0a6419c20de7db04a101bd5bc5dc9f1c138f2c491b74"	"63290"	"tracked-clean"	"tracked-clean"	"current-state-evidence"	"R13-SS"	"uncontrolled-static-openapi-schema-snapshot"	"Static OpenAPI 3.0.3 schema with missing info.version; not yet bound to a verified RIoT build, project environment or permitted API set."	"Captured around 2026-07-06 and committed by 2026-07-13 without a controlled capture manifest."	"not-found"	"not-found"	"not-found"	"not-found"	"not-approved-by-this-classification"	"candidate-only-after-controlled-environment-version-snapshot-binding-operation-level-decomposition-api-allowlist-and-explicit-approval"	"Retain raw schema hash, server snapshot, missing version, ticket 36 environment binding and ticket 37 API safety boundary."	"R13-riot-interface-sdk-constraints.md; section=26/26 覆盖与哈希终检"
"R13-15"	"R13"	"rcs/riot_swagger/system.json"	"a022916f06f330d5458430420a77f868f9b816964148de4d44a8ca3b811c4d50"	"3457"	"tracked-clean"	"tracked-clean"	"current-state-evidence"	"R13-SS"	"uncontrolled-static-openapi-schema-snapshot"	"Static OpenAPI 3.0.3 schema with missing info.version; not yet bound to a verified RIoT build, project environment or permitted API set."	"Captured around 2026-07-06 and committed by 2026-07-13 without a controlled capture manifest."	"not-found"	"not-found"	"not-found"	"not-found"	"not-approved-by-this-classification"	"candidate-only-after-controlled-environment-version-snapshot-binding-operation-level-decomposition-api-allowlist-and-explicit-approval"	"Retain raw schema hash, server snapshot, missing version, ticket 36 environment binding and ticket 37 API safety boundary."	"R13-riot-interface-sdk-constraints.md; section=26/26 覆盖与哈希终检"
"R13-16"	"R13"	"rcs/riot_swagger/task.json"	"050a612e21ebe01b95d6fa35ca54d592bd83e108b69f5eb0703d8b903274d6d1"	"126915"	"tracked-clean"	"tracked-clean"	"current-state-evidence"	"R13-SS"	"uncontrolled-static-openapi-schema-snapshot"	"Static OpenAPI 3.0.3 schema with missing info.version; not yet bound to a verified RIoT build, project environment or permitted API set."	"Captured around 2026-07-06 and committed by 2026-07-13 without a controlled capture manifest."	"not-found"	"not-found"	"not-found"	"not-found"	"not-approved-by-this-classification"	"candidate-only-after-controlled-environment-version-snapshot-binding-operation-level-decomposition-api-allowlist-and-explicit-approval"	"Retain raw schema hash, server snapshot, missing version, ticket 36 environment binding and ticket 37 API safety boundary."	"R13-riot-interface-sdk-constraints.md; section=26/26 覆盖与哈希终检"
"R13-17"	"R13"	"rcs/riot_swagger/tool.json"	"3323fb81a4d321b1eb8703140f113f947a0634f8d64b14337d3b46853d6ddaa4"	"7947"	"tracked-clean"	"tracked-clean"	"current-state-evidence"	"R13-SS"	"uncontrolled-static-openapi-schema-snapshot"	"Static OpenAPI 3.0.3 schema with missing info.version; not yet bound to a verified RIoT build, project environment or permitted API set."	"Captured around 2026-07-06 and committed by 2026-07-13 without a controlled capture manifest."	"not-found"	"not-found"	"not-found"	"not-found"	"not-approved-by-this-classification"	"candidate-only-after-controlled-environment-version-snapshot-binding-operation-level-decomposition-api-allowlist-and-explicit-approval"	"Retain raw schema hash, server snapshot, missing version, ticket 36 environment binding and ticket 37 API safety boundary."	"R13-riot-interface-sdk-constraints.md; section=26/26 覆盖与哈希终检"
"R13-18"	"R13"	"rcs/riot_swagger/version.json"	"acccc01ec233f13d7ba86bf052a35ffcbaa043eadc23887a6f3ae86ad0699aea"	"4097"	"tracked-clean"	"tracked-clean"	"current-state-evidence"	"R13-SS"	"uncontrolled-static-openapi-schema-snapshot"	"Static OpenAPI 3.0.3 schema with missing info.version; not yet bound to a verified RIoT build, project environment or permitted API set."	"Captured around 2026-07-06 and committed by 2026-07-13 without a controlled capture manifest."	"not-found"	"not-found"	"not-found"	"not-found"	"not-approved-by-this-classification"	"candidate-only-after-controlled-environment-version-snapshot-binding-operation-level-decomposition-api-allowlist-and-explicit-approval"	"Retain raw schema hash, server snapshot, missing version, ticket 36 environment binding and ticket 37 API safety boundary."	"R13-riot-interface-sdk-constraints.md; section=26/26 覆盖与哈希终检"
"R13-19"	"R13"	"rcs/riot-sdk/docs/facade-v1.md"	"defd2a49141a43ed55a664f81d445f54bfebca7f367e59ff951e6bb734650dcb"	"3886"	"tracked-clean"	"tracked-clean"	"candidate-external-constraint"	"R13-DS"	"internal-sdk-design-or-test-guidance"	"SDK scope, facade or smoke-test design; passing or skipping smoke does not prove target-environment availability."	"Formed during SDK implementation between 2026-07-15 and 2026-07-27."	"not-found"	"not-found"	"not-found"	"not-found"	"not-approved-by-this-classification"	"do-not-extract-as-project-requirement; retain-for-separate-technical-design-and-current-state-review"	"Preserve facade/non-goal, CallApiKey, sample-base-url and offline/skip semantics without inferring project API scope."	"R13-riot-interface-sdk-constraints.md; section=26/26 覆盖与哈希终检"
"R13-20"	"R13"	"rcs/riot-sdk/docs/smoke-test.md"	"4746824a85634ff24831556c28762b7c3a154bddab5602de9594f96c8a07bf0c"	"3505"	"tracked-clean"	"tracked-clean"	"candidate-external-constraint"	"R13-DS"	"internal-sdk-design-or-test-guidance"	"SDK scope, facade or smoke-test design; passing or skipping smoke does not prove target-environment availability."	"Formed during SDK implementation between 2026-07-15 and 2026-07-27."	"not-found"	"not-found"	"not-found"	"not-found"	"not-approved-by-this-classification"	"do-not-extract-as-project-requirement; retain-for-separate-technical-design-and-current-state-review"	"Preserve facade/non-goal, CallApiKey, sample-base-url and offline/skip semantics without inferring project API scope."	"R13-riot-interface-sdk-constraints.md; section=26/26 覆盖与哈希终检"
"R13-21"	"R13"	"rcs/riot-sdk/README.md"	"fca234946c9bc0b082e2bda58a378faa9b2178547db1566f4d8d42c71725b8d2"	"3748"	"tracked-clean"	"tracked-clean"	"candidate-external-constraint"	"R13-DS"	"internal-sdk-design-or-test-guidance"	"SDK scope, facade or smoke-test design; passing or skipping smoke does not prove target-environment availability."	"Formed during SDK implementation between 2026-07-15 and 2026-07-27."	"not-found"	"not-found"	"not-found"	"not-found"	"not-approved-by-this-classification"	"do-not-extract-as-project-requirement; retain-for-separate-technical-design-and-current-state-review"	"Preserve facade/non-goal, CallApiKey, sample-base-url and offline/skip semantics without inferring project API scope."	"R13-riot-interface-sdk-constraints.md; section=26/26 覆盖与哈希终检"
"R13-22"	"R13"	"rcs/riot-sdk/specs/.normalized/imap.json"	"7a23019d348489ae73da4048eddc8e19526285a37683b8e9871458b0ae8e3340"	"93579"	"untracked"	"untracked"	"candidate-external-constraint"	"R13-ND"	"local-normalized-schema-generation-input"	"Local preprocessing artifact; its default info.version=1.0.0 is not a RIoT product/API version."	"Untracked at the fixed snapshot and currently ignored; derived from raw imap schema."	"not-found"	"not-found"	"not-found"	"not-found"	"not-approved-by-this-classification"	"do-not-extract-as-requirement-or-external-contract; retain-as-sdk-generation-state-evidence"	"Preserve raw-versus-normalized operation counts and prevent default version promotion."	"R13-riot-interface-sdk-constraints.md; section=26/26 覆盖与哈希终检"
"R13-23"	"R13"	"rcs/riot-sdk/specs/device.json"	"e35dad335c0d82663159ac5778337ff3aaae3f128bf5686318bf1fe75b8b9217"	"57858"	"tracked-clean"	"tracked-clean"	"candidate-external-constraint"	"R13-SD"	"byte-identical-sdk-copy-of-uncontrolled-raw-schema"	"SDK-local schema copy, not an independent source or approval record."	"Created during SDK work and byte-identical to the corresponding raw Swagger snapshot."	"not-found"	"not-found"	"not-found"	"not-found"	"not-approved-by-this-classification"	"do-not-extract-from-this-duplicate; route-external-contract-review-to-the-raw-schema-record"	"Preserve byte-identical hash relationship and avoid double-counting external candidates."	"R13-riot-interface-sdk-constraints.md; section=26/26 覆盖与哈希终检"
"R13-24"	"R13"	"rcs/riot-sdk/specs/imap.json"	"253c5747586b9c7d9ca798c75a74193081e837a01167c6db7a20b78e8dd1a6d6"	"45355"	"tracked-clean"	"tracked-clean"	"candidate-external-constraint"	"R13-SD"	"byte-identical-sdk-copy-of-uncontrolled-raw-schema"	"SDK-local schema copy, not an independent source or approval record."	"Created during SDK work and byte-identical to the corresponding raw Swagger snapshot."	"not-found"	"not-found"	"not-found"	"not-found"	"not-approved-by-this-classification"	"do-not-extract-from-this-duplicate; route-external-contract-review-to-the-raw-schema-record"	"Preserve byte-identical hash relationship and avoid double-counting external candidates."	"R13-riot-interface-sdk-constraints.md; section=26/26 覆盖与哈希终检"
"R13-25"	"R13"	"rcs/riot-sdk/specs/order.json"	"e364ffac680582f9cbdf3b3b7f4055486bd88bbcb20370bcf55889ca54efd038"	"76114"	"tracked-clean"	"tracked-clean"	"candidate-external-constraint"	"R13-SD"	"byte-identical-sdk-copy-of-uncontrolled-raw-schema"	"SDK-local schema copy, not an independent source or approval record."	"Created during SDK work and byte-identical to the corresponding raw Swagger snapshot."	"not-found"	"not-found"	"not-found"	"not-found"	"not-approved-by-this-classification"	"do-not-extract-from-this-duplicate; route-external-contract-review-to-the-raw-schema-record"	"Preserve byte-identical hash relationship and avoid double-counting external candidates."	"R13-riot-interface-sdk-constraints.md; section=26/26 覆盖与哈希终检"
"R13-26"	"R13"	"rcs/riot-sdk/specs/task.json"	"050a612e21ebe01b95d6fa35ca54d592bd83e108b69f5eb0703d8b903274d6d1"	"126915"	"tracked-clean"	"tracked-clean"	"candidate-external-constraint"	"R13-SD"	"byte-identical-sdk-copy-of-uncontrolled-raw-schema"	"SDK-local schema copy, not an independent source or approval record."	"Created during SDK work and byte-identical to the corresponding raw Swagger snapshot."	"not-found"	"not-found"	"not-found"	"not-found"	"not-approved-by-this-classification"	"do-not-extract-from-this-duplicate; route-external-contract-review-to-the-raw-schema-record"	"Preserve byte-identical hash relationship and avoid double-counting external candidates."	"R13-riot-interface-sdk-constraints.md; section=26/26 覆盖与哈希终检"
