batch_id	issue_number	issue_file	title	required_role	primary_source	candidate_count	first_req	last_req	candidate_ids	approval_payload_sha256	initial_ticket_sha256	status
V1-APP-001	89	issues/89-approve-req-0001-req-0004.md	最终批准 REQ-0001–REQ-0004：新版 MesIngest 当前规范	MesIngest 产品、数据契约责任人与最终批准人	.scratch/new-mes-ingest/spec.md	4	REQ-0001	REQ-0004	REQ-0001,REQ-0002,REQ-0003,REQ-0004	f28dc8d7b5dc2f3c2fee8d06ef2f0afddcb497017f84f11d6fdb62995f1cfb1f	cc65616d5966bb024846f86791bcb36e7c300b65604002c6f984c85c6c90661e	awaiting-user-final-item-approval
V1-APP-002	90	issues/90-approve-req-0005-req-0008.md	最终批准 REQ-0005–REQ-0008：新版 MesIngest 当前规范	MesIngest 产品、数据契约责任人与最终批准人	.scratch/new-mes-ingest/spec.md	4	REQ-0005	REQ-0008	REQ-0005,REQ-0006,REQ-0007,REQ-0008	120bac052cfcd00795ce13e515a4819675acf4e6c7c637d0b8771940ac9ea07d	e2708be39d2f8a1db3108227a4a35a13ae4cab141f61ca368f578d40f9f1d20c	awaiting-user-final-item-approval
V1-APP-003	91	issues/91-approve-req-0009-req-0012.md	最终批准 REQ-0009–REQ-0012：新版 MesIngest 当前规范	MesIngest 产品、数据契约责任人与最终批准人	.scratch/new-mes-ingest/spec.md	4	REQ-0009	REQ-0012	REQ-0009,REQ-0010,REQ-0011,REQ-0012	0b2369fe61a0f03016b22892949fa328142bcdd68919200156457470f5e27b6f	4d6dfdd58051e128024811d8c827a679aa173d77cc130534266cfde51b7582dd	awaiting-user-final-item-approval
V1-APP-004	92	issues/92-approve-req-0013-req-0016.md	最终批准 REQ-0013–REQ-0016：新版 MesIngest 当前规范	MesIngest 产品、数据契约责任人与最终批准人	.scratch/new-mes-ingest/spec.md	4	REQ-0013	REQ-0016	REQ-0013,REQ-0014,REQ-0015,REQ-0016	8a46395cc69140bb99ba4d43dd93b71d0b406b2d962d031522850619bac131d8	37f1d594e71473df75e32542ecebdc2ac3fe47c905df5b0737c3d70c492f8451	awaiting-user-final-item-approval
V1-APP-005	93	issues/93-approve-req-0017-req-0020.md	最终批准 REQ-0017–REQ-0020：新版 MesIngest 当前规范	MesIngest 产品、数据契约责任人与最终批准人	.scratch/new-mes-ingest/spec.md	4	REQ-0017	REQ-0020	REQ-0017,REQ-0018,REQ-0019,REQ-0020	cdf5b1adfbe042fdad4d96c33f508bb707461ebcf445c83c4ef676e3c6fd4193	34611e17e6bb09342acfeed7e6355f005ac76058278226405c90a86db5947d98	awaiting-user-final-item-approval
V1-APP-006	94	issues/94-approve-req-0021-req-0024.md	最终批准 REQ-0021–REQ-0024：新版 MesIngest 当前规范	MesIngest 产品、数据契约责任人与最终批准人	.scratch/new-mes-ingest/spec.md	4	REQ-0021	REQ-0024	REQ-0021,REQ-0022,REQ-0023,REQ-0024	115809e553becc7853d1e689921481825d97d07ebda0077c15c8c54a1b0516c5	67a73d330d564325fdfe55e9e60d8858830b6869d0765086e965ecae49b1484f	awaiting-user-final-item-approval
V1-APP-007	95	issues/95-approve-req-0025-req-0028.md	最终批准 REQ-0025–REQ-0028：新版 MesIngest 当前规范	MesIngest 产品、数据契约责任人与最终批准人	.scratch/new-mes-ingest/spec.md	4	REQ-0025	REQ-0028	REQ-0025,REQ-0026,REQ-0027,REQ-0028	e45de05e9325758851dcc04e96f8f29fe6f9722ef58e8783f489b51c053d38b5	e6e0c9562075a83f5454627f7f2c7de794956e73c78634560a185e8fd99d5780	awaiting-user-final-item-approval
V1-APP-008	96	issues/96-approve-req-0029-req-0032.md	最终批准 REQ-0029–REQ-0032：新版 MesIngest 当前规范	MesIngest 产品、数据契约责任人与最终批准人	.scratch/new-mes-ingest/spec.md	4	REQ-0029	REQ-0032	REQ-0029,REQ-0030,REQ-0031,REQ-0032	a92dc0a5ce94512eea438c90003a8749405a7e0856544aefe99030fa395be33c	da56b1e0365f5dd650bc8820eec654449ede3a87ed486a8e77c88fd924aa27ca	awaiting-user-final-item-approval
V1-APP-009	97	issues/97-approve-req-0033-req-0036.md	最终批准 REQ-0033–REQ-0036：新版 MesIngest 当前规范	MesIngest 产品、数据契约责任人与最终批准人	.scratch/new-mes-ingest/spec.md	4	REQ-0033	REQ-0036	REQ-0033,REQ-0034,REQ-0035,REQ-0036	8acb7d0ef00985fd1501bf2cff04f3249c7e8be06c61f90c882a86f995ded172	fe3a5f6aa32ea473ff1076feb6e4636678810dd4a8c912e96242e46d1d922e0a	awaiting-user-final-item-approval
V1-APP-010	98	issues/98-approve-req-0037-req-0040.md	最终批准 REQ-0037–REQ-0040：新版 MesIngest 当前规范	MesIngest 产品、数据契约责任人与最终批准人	.scratch/new-mes-ingest/spec.md	4	REQ-0037	REQ-0040	REQ-0037,REQ-0038,REQ-0039,REQ-0040	a2714477c8d103f9149e642385fcf1479998198d602c5230da2b54abd3672483	c75b35fe9fef64059a16634191335476ae77f603e5126ecaf54d4637de35755f	awaiting-user-final-item-approval
V1-APP-011	99	issues/99-approve-req-0041-req-0044.md	最终批准 REQ-0041–REQ-0044：新版 MesIngest 当前规范	MesIngest 产品、数据契约责任人与最终批准人	.scratch/new-mes-ingest/spec.md	4	REQ-0041	REQ-0044	REQ-0041,REQ-0042,REQ-0043,REQ-0044	5431c7b1ae2b1d44bbd6d07d52b1d31df9a6114ba994344100a7180aaf1a8e23	1951d1d36867068593fc4622c4654a5cfa69fbb86a5011ddad66f02bd6495a20	awaiting-user-final-item-approval
V1-APP-012	100	issues/100-approve-req-0045-req-0048.md	最终批准 REQ-0045–REQ-0048：新版 MesIngest 当前规范	MesIngest 产品、数据契约责任人与最终批准人	.scratch/new-mes-ingest/spec.md	4	REQ-0045	REQ-0048	REQ-0045,REQ-0046,REQ-0047,REQ-0048	f23c93a50c9d1f6c918bc1a16b7f65a43f6534a00cba15a01ee896e391e3da16	0dd91e3163c44607c1dff1ad919718220563ea5a8b5bc0bb36c5d2d716883c2e	awaiting-user-final-item-approval
V1-APP-013	101	issues/101-approve-req-0049-req-0052.md	最终批准 REQ-0049–REQ-0052：新版 MesIngest 当前规范	MesIngest 产品、数据契约责任人与最终批准人	.scratch/new-mes-ingest/spec.md	4	REQ-0049	REQ-0052	REQ-0049,REQ-0050,REQ-0051,REQ-0052	f9f2738669b6c3255ea00d0f976db69a8179a7ba6da26ef761b102de1132dfa9	94f4f0d6432b1c817f37b55728b35904b988f88deec63f5ebe91f4a76860c369	awaiting-user-final-item-approval
V1-APP-014	102	issues/102-approve-req-0053-req-0056.md	最终批准 REQ-0053–REQ-0056：有界存储与低内存规范	SQL Server、容量与存储责任人与最终批准人	.scratch/mes-ingest-bounded-storage-low-memory/spec.md	4	REQ-0053	REQ-0056	REQ-0053,REQ-0054,REQ-0055,REQ-0056	5a7bb5fa40e257e14bbe05076ef61509583ebc145d8fdb88114dbfb21e1c31c6	6de98911b422b9e22b2669bef71e473991a75b9eb540161599e948af5588c1b1	awaiting-user-final-item-approval
V1-APP-015	103	issues/103-approve-req-0057-req-0060.md	最终批准 REQ-0057–REQ-0060：有界存储与低内存规范	SQL Server、容量与存储责任人与最终批准人	.scratch/mes-ingest-bounded-storage-low-memory/spec.md	4	REQ-0057	REQ-0060	REQ-0057,REQ-0058,REQ-0059,REQ-0060	579e44b26f72511f58cddded1a8456b73866f413998de871dc7f07f4884beba1	ceee5ca930b4d460f6eb5ef44a2cf3c196328bfcc87e80146ea725120ed07b7b	awaiting-user-final-item-approval
V1-APP-016	104	issues/104-approve-req-0061-req-0064.md	最终批准 REQ-0061–REQ-0064：有界存储与低内存规范	SQL Server、容量与存储责任人与最终批准人	.scratch/mes-ingest-bounded-storage-low-memory/spec.md	4	REQ-0061	REQ-0064	REQ-0061,REQ-0062,REQ-0063,REQ-0064	965055389b02d86b095e8c303328e8b62a266e37a21befa391091f02009b29b3	1959d556b75773a09d783b06d96cf9e72e6d9fad47646680c6e4fd797919b244	awaiting-user-final-item-approval
V1-APP-017	105	issues/105-approve-req-0065-req-0068.md	最终批准 REQ-0065–REQ-0068：有界存储与低内存规范	SQL Server、容量与存储责任人与最终批准人	.scratch/mes-ingest-bounded-storage-low-memory/spec.md	4	REQ-0065	REQ-0068	REQ-0065,REQ-0066,REQ-0067,REQ-0068	6627ce7530a08b1629eeea65ea03a0098562f3f6038025ed5f8bb01070efd0e5	25e77eb7e58163f695dda35265543dc1ce220a6af50f3688387bf4f9c15eca9e	awaiting-user-final-item-approval
V1-APP-018	106	issues/106-approve-req-0069-req-0072.md	最终批准 REQ-0069–REQ-0072：有界存储与低内存规范	SQL Server、容量与存储责任人与最终批准人	.scratch/mes-ingest-bounded-storage-low-memory/spec.md	4	REQ-0069	REQ-0072	REQ-0069,REQ-0070,REQ-0071,REQ-0072	2e1f8328ee2ac81de83012aea5e588782f001bd5073fdf71f552695ce7731352	52ae15cf4135a192bc303cb4e8e978c4f48e6b2f405a9624c3556d8dee2e0422	awaiting-user-final-item-approval
V1-APP-019	107	issues/107-approve-req-0073-req-0076.md	最终批准 REQ-0073–REQ-0076：有界存储与低内存规范	SQL Server、容量与存储责任人与最终批准人	.scratch/mes-ingest-bounded-storage-low-memory/spec.md	4	REQ-0073	REQ-0076	REQ-0073,REQ-0074,REQ-0075,REQ-0076	d57f614cd12d078cfa3070a99c0e33451d25ca1cea3a38513350f1056c80c2a1	bed5c4c28e8c2baada5b7f5b16087c4a011bab98a5561efbe586b523b7e7eb35	awaiting-user-final-item-approval
V1-APP-020	108	issues/108-approve-req-0077-req-0080.md	最终批准 REQ-0077–REQ-0080：有界存储与低内存规范	SQL Server、容量与存储责任人与最终批准人	.scratch/mes-ingest-bounded-storage-low-memory/spec.md	4	REQ-0077	REQ-0080	REQ-0077,REQ-0078,REQ-0079,REQ-0080	0f1edc076c3aa16483a7ca13412ac4e653127ade0fa88b98223fb50df30116a7	380c5a93b4b7f5509deae73d0f818102cfe726272907d7797caf93bb3b9c90a0	awaiting-user-final-item-approval
V1-APP-021	109	issues/109-approve-req-0081-req-0084.md	最终批准 REQ-0081–REQ-0084：有界存储与低内存规范	SQL Server、容量与存储责任人与最终批准人	.scratch/mes-ingest-bounded-storage-low-memory/spec.md	4	REQ-0081	REQ-0084	REQ-0081,REQ-0082,REQ-0083,REQ-0084	d764f1a7f3fc154d6a9ecd22c4ed42709bbf45fa8a0e1e23b8f8231762f62c30	0d5ffeacb453e115c7ac08f1f693498e6a0d6beb4c734d9f69dd59979fee92cc	awaiting-user-final-item-approval
V1-APP-022	110	issues/110-approve-req-0085-req-0088.md	最终批准 REQ-0085–REQ-0088：有界存储与低内存规范	SQL Server、容量与存储责任人与最终批准人	.scratch/mes-ingest-bounded-storage-low-memory/spec.md	4	REQ-0085	REQ-0088	REQ-0085,REQ-0086,REQ-0087,REQ-0088	e84ec20e23a41c9f570adcb3df97b3cfd1f1302ae5dfda4f61b54255a2e9e4da	e5c6c8b145008fee139830001f62ce02fc71f14bbc6277bdb6ad19fc17a5432d	awaiting-user-final-item-approval
V1-APP-023	111	issues/111-approve-req-0089-req-0089.md	最终批准 REQ-0089–REQ-0089：有界存储与低内存规范	SQL Server、容量与存储责任人与最终批准人	.scratch/mes-ingest-bounded-storage-low-memory/spec.md	1	REQ-0089	REQ-0089	REQ-0089	97436982aff16bac551260437d5dc55f403283e3490763646e62afebc677ffa7	afe62c05278be9b900ce8942620ac29237afd05c8774c622812d99f85d3de4cc	awaiting-user-final-item-approval
V1-APP-024	112	issues/112-approve-req-0090-req-0093.md	最终批准 REQ-0090–REQ-0093：Watch AREA 实时同步规范	MesIngestWatch 产品、现场运维责任人与最终批准人	.scratch/mes-ingest-watch-area-live-sync/spec.md	4	REQ-0090	REQ-0093	REQ-0090,REQ-0091,REQ-0092,REQ-0093	a572ecb4391c0ee2dc45f4c50b3d92a6b4243836db275d85584666e43309da73	6389647e03346730886cfd1fb055c3f20e9c5e87db950a142a1ad9ff221a4c14	awaiting-user-final-item-approval
V1-APP-025	113	issues/113-approve-req-0094-req-0097.md	最终批准 REQ-0094–REQ-0097：Watch AREA 实时同步规范	MesIngestWatch 产品、现场运维责任人与最终批准人	.scratch/mes-ingest-watch-area-live-sync/spec.md	4	REQ-0094	REQ-0097	REQ-0094,REQ-0095,REQ-0096,REQ-0097	791617e60455fba202396511934ebf19fbf265db9129ce2fe3edcca805ff97df	9a1c2cf216267c16daf74e30638a0a7c709f9ea5aed7596496ad444e46a36ee1	awaiting-user-final-item-approval
V1-APP-026	114	issues/114-approve-req-0098-req-0101.md	最终批准 REQ-0098–REQ-0101：Watch AREA 实时同步规范	MesIngestWatch 产品、现场运维责任人与最终批准人	.scratch/mes-ingest-watch-area-live-sync/spec.md	4	REQ-0098	REQ-0101	REQ-0098,REQ-0099,REQ-0100,REQ-0101	51bc22ed356fe21e631fe0acdd902559917510158fa22d48be471a6c909ee6c8	d6f9fd88de095c16040066bf6e938136b57565af9b9cf325e4540441dfee7b0e	awaiting-user-final-item-approval
V1-APP-027	115	issues/115-approve-req-0102-req-0105.md	最终批准 REQ-0102–REQ-0105：Watch AREA 实时同步规范	MesIngestWatch 产品、现场运维责任人与最终批准人	.scratch/mes-ingest-watch-area-live-sync/spec.md	4	REQ-0102	REQ-0105	REQ-0102,REQ-0103,REQ-0104,REQ-0105	e55bbcc94a24a1d78d8f62f5a018ed7f6e1c24b0ca1a491e02c362064a6ea01d	b85efb9b80757101b45b675cdf0a506d59046258221df8fe2245e44d1ef844aa	awaiting-user-final-item-approval
V1-APP-028	116	issues/116-approve-req-0106-req-0109.md	最终批准 REQ-0106–REQ-0109：Watch AREA 实时同步规范	MesIngestWatch 产品、现场运维责任人与最终批准人	.scratch/mes-ingest-watch-area-live-sync/spec.md	4	REQ-0106	REQ-0109	REQ-0106,REQ-0107,REQ-0108,REQ-0109	a56dc83f7a1c09a4fdafe3193c48c3d71163f7ae0847cd6fb64c2027a4f01fa2	77049f423af495e5ac1a550dfeff085d9fc243defa98721756cf6b02817d2bfb	awaiting-user-final-item-approval
V1-APP-029	117	issues/117-approve-req-0110-req-0113.md	最终批准 REQ-0110–REQ-0113：Watch AREA 实时同步规范	MesIngestWatch 产品、现场运维责任人与最终批准人	.scratch/mes-ingest-watch-area-live-sync/spec.md	4	REQ-0110	REQ-0113	REQ-0110,REQ-0111,REQ-0112,REQ-0113	12c09bd1e3f8cd5cac2c895abaa7719d63bfaed2244165fafff9ad06bba3d021	083b31e01c2775f8453e4a81b3b26e59641f9f47b1c2d84b27da6c12fca8b4ce	awaiting-user-final-item-approval
V1-APP-030	118	issues/118-approve-req-0114-req-0115.md	最终批准 REQ-0114–REQ-0115：Watch AREA 实时同步规范	MesIngestWatch 产品、现场运维责任人与最终批准人	.scratch/mes-ingest-watch-area-live-sync/spec.md	2	REQ-0114	REQ-0115	REQ-0114,REQ-0115	e72116a19c12a04d9800ecd536316228b4806d3a82bafd22fd261e5529a2ca4f	d27fb3c9c0c52f1b297e336eae9de9a5ba44b822c1293ec642358ff88c25733d	awaiting-user-final-item-approval
V1-APP-031	119	issues/119-approve-req-0116-req-0119.md	最终批准 REQ-0116–REQ-0119：Demand Series Inspector E 规范	MesIngestWatch 产品、现场运维责任人与最终批准人	.scratch/demand-series-inspector-e/spec.md	4	REQ-0116	REQ-0119	REQ-0116,REQ-0117,REQ-0118,REQ-0119	c3b92e51b6fd3dce81d1c8ba857776e1ba20ebc01e117f55edc5ff2bbd64c21b	4f12387c502cfe662909f9b8c5e367daf5a1c2a2b467cf629f955ba7c7e8afa4	awaiting-user-final-item-approval
V1-APP-032	120	issues/120-approve-req-0120-req-0123.md	最终批准 REQ-0120–REQ-0123：Demand Series Inspector E 规范	MesIngestWatch 产品、现场运维责任人与最终批准人	.scratch/demand-series-inspector-e/spec.md	4	REQ-0120	REQ-0123	REQ-0120,REQ-0121,REQ-0122,REQ-0123	e03e5d34c589c3eb2912e56e3d74359063fef06a11420e6f1aecf9d7cd2fb8a2	daf5117287853b26ece33c9942e0363ba1f6bf3359c546bfecbe1694129a4a84	awaiting-user-final-item-approval
V1-APP-033	121	issues/121-approve-req-0124-req-0127.md	最终批准 REQ-0124–REQ-0127：Demand Series Inspector E 规范	MesIngestWatch 产品、现场运维责任人与最终批准人	.scratch/demand-series-inspector-e/spec.md	4	REQ-0124	REQ-0127	REQ-0124,REQ-0125,REQ-0126,REQ-0127	f9b8c34f83fe6dff6d5ee829fe5c29b05a6314dc09b06a3d4b184e8735f2eed5	9cca78c1dbd3a7e370290fa6108d829b29d30b03c85fb2e14433b7c3bcf58fff	awaiting-user-final-item-approval
V1-APP-034	122	issues/122-approve-req-0128-req-0131.md	最终批准 REQ-0128–REQ-0131：Demand Series Inspector E 规范	MesIngestWatch 产品、现场运维责任人与最终批准人	.scratch/demand-series-inspector-e/spec.md	4	REQ-0128	REQ-0131	REQ-0128,REQ-0129,REQ-0130,REQ-0131	11a365b0f0b7796ed85037e36b235357fd7375b8696a4238d4a7daa6a6d7aeaf	c0236191e71c1c1a6bc7ff4a7a8ad3d6bc6b8442af380033ea8a219f4db8dafe	awaiting-user-final-item-approval
V1-APP-035	123	issues/123-approve-req-0132-req-0135.md	最终批准 REQ-0132–REQ-0135：Demand Series Inspector E 规范	MesIngestWatch 产品、现场运维责任人与最终批准人	.scratch/demand-series-inspector-e/spec.md	4	REQ-0132	REQ-0135	REQ-0132,REQ-0133,REQ-0134,REQ-0135	33fe072b6b526ba74acc26cc84ed18f24227c2ae5996f3fc073ee4d8199ab4d1	043ce2578cba7a3fec86d910020661bc49725e71c4cc631ef19f0c8d50a9ecc1	awaiting-user-final-item-approval
V1-APP-036	124	issues/124-approve-req-0136-req-0139.md	最终批准 REQ-0136–REQ-0139：Demand Series Inspector E 规范	MesIngestWatch 产品、现场运维责任人与最终批准人	.scratch/demand-series-inspector-e/spec.md	4	REQ-0136	REQ-0139	REQ-0136,REQ-0137,REQ-0138,REQ-0139	859cd1d3494fd1f8d7c056c0e7f0ffe5f082c668ca2f5177e6337bbde6eeabfe	c0d3d8c9dc0505268c15d71c43643dcab8b4db8c3d6ea0d4775f5e069d2aa610	awaiting-user-final-item-approval
V1-APP-037	125	issues/125-approve-req-0140-req-0143.md	最终批准 REQ-0140–REQ-0143：Demand Series Inspector E 规范	MesIngestWatch 产品、现场运维责任人与最终批准人	.scratch/demand-series-inspector-e/spec.md	4	REQ-0140	REQ-0143	REQ-0140,REQ-0141,REQ-0142,REQ-0143	0c8a1b4587e69825c566bea2b92b902a3e0886b268aa2752fa109872f4e00dee	74fe86ace769bcc7ca249ac0029c312b7d9a4b372a3fcce63f299244f8209a83	awaiting-user-final-item-approval
V1-APP-038	126	issues/126-approve-req-0144-req-0145.md	最终批准 REQ-0144–REQ-0145：Demand Series Inspector E 规范	MesIngestWatch 产品、现场运维责任人与最终批准人	.scratch/demand-series-inspector-e/spec.md	2	REQ-0144	REQ-0145	REQ-0144,REQ-0145	c617cb8979978ea1b0b00c20504d125df213b1a037b052e17e53a11ca013e48a	2b277ab84e83ef8da9ec86cfc5a2630846f840529138fb924873195ef4a5cf81	awaiting-user-final-item-approval
V1-APP-039	127	issues/127-approve-req-0146-req-0149.md	最终批准 REQ-0146–REQ-0149：决定 RIoT 项目 API 白名单与调用安全边界	该既有产品／领域决定的责任人与最终批准人	.scratch/current-requirements-baseline/issues/37-decide-riot-api-allowlist-and-call-safety-boundary.md	4	REQ-0146	REQ-0149	REQ-0146,REQ-0147,REQ-0148,REQ-0149	54e87924094ecb63c19c7a445320a16043c5122917ab79df9382cabad57d224e	ed2ca2bb5cf19464f11e0fbe8e92d884817eac1bbfa02c2f2b44f953b9d9c2a6	awaiting-user-final-item-approval
V1-APP-040	128	issues/128-approve-req-0150-req-0153.md	最终批准 REQ-0150–REQ-0153：决定运输需求身份、对账键与取消抑制边界	该既有产品／领域决定的责任人与最终批准人	.scratch/current-requirements-baseline/issues/56-decide-transport-demand-identity-reconcile-key-and-cancellation-suppression-boundary.md	4	REQ-0150	REQ-0153	REQ-0150,REQ-0151,REQ-0152,REQ-0153	3db5a6ae0b6a0fb02cd8a418356bf753830422e760ba2686d3d59a816b6a61ca	7cc8d1089f242b2cc265c2af17cb0b3d80141a133195dc1c370fca4d11c23ad5	awaiting-user-final-item-approval
V1-APP-041	129	issues/129-approve-req-0154-req-0157.md	最终批准 REQ-0154–REQ-0157：决定运输需求身份、对账键与取消抑制边界	该既有产品／领域决定的责任人与最终批准人	.scratch/current-requirements-baseline/issues/56-decide-transport-demand-identity-reconcile-key-and-cancellation-suppression-boundary.md	4	REQ-0154	REQ-0157	REQ-0154,REQ-0155,REQ-0156,REQ-0157	3642de1360a5bf0eef23d7ff4cb452b3a6402d96bb0cdd818024d58a0b172417	43fc0a8bb1d4d545655b1f757adaac1fd8f382be761d7c942e2f42f0aaf2ccfb	awaiting-user-final-item-approval
V1-APP-042	130	issues/130-approve-req-0158-req-0161.md	最终批准 REQ-0158–REQ-0161：决定当前 MES 只读与卸货、完工回写边界	该既有产品／领域决定的责任人与最终批准人	.scratch/current-requirements-baseline/issues/57-decide-current-mes-readonly-and-completion-writeback-boundary.md	4	REQ-0158	REQ-0161	REQ-0158,REQ-0159,REQ-0160,REQ-0161	191394d79ebd998e010645785c39012d241a6c9428b70d6ad036508cd387bd31	f8366bf6469d309e78e7bea1858c369690165f78e0e1047611a24c2919623376	awaiting-user-final-item-approval
V1-APP-043	131	issues/131-approve-req-0162-req-0163.md	最终批准 REQ-0162–REQ-0163：决定当前 MES 只读与卸货、完工回写边界	该既有产品／领域决定的责任人与最终批准人	.scratch/current-requirements-baseline/issues/57-decide-current-mes-readonly-and-completion-writeback-boundary.md	2	REQ-0162	REQ-0163	REQ-0162,REQ-0163	5dd8fdce17f5aadce23ba5933e79a93dbce35c646c7edf7d9ace1a667e30ee27	43e90f4a1e91d1186946ec4cf415330e3723b80f3895ba9aa09e5f3049807b05	awaiting-user-final-item-approval
V1-APP-044	132	issues/132-approve-req-0164-req-0167.md	最终批准 REQ-0164–REQ-0167：决定 QUEUEING 滞留与下单前清积压策略	该既有产品／领域决定的责任人与最终批准人	.scratch/current-requirements-baseline/issues/58-decide-queueing-stall-and-pre-dispatch-backlog-cleanup-policy.md	4	REQ-0164	REQ-0167	REQ-0164,REQ-0165,REQ-0166,REQ-0167	02cd2a80eadd9ac909231bff89182e2bd5cd81634a1c6ffdcdb1ae43b4213394	aa28c49c3a9935ebc8a3816c2383b485fdb8dcc05d95196342b46ef0a74a9063	awaiting-user-final-item-approval
V1-APP-045	133	issues/133-approve-req-0168-req-0169.md	最终批准 REQ-0168–REQ-0169：决定 QUEUEING 滞留与下单前清积压策略	该既有产品／领域决定的责任人与最终批准人	.scratch/current-requirements-baseline/issues/58-decide-queueing-stall-and-pre-dispatch-backlog-cleanup-policy.md	2	REQ-0168	REQ-0169	REQ-0168,REQ-0169	57fec533c8e53ea63f5274e510a21a0eb9f07ce781e8c52e3ee295b5e2479832	a767771126cce2cfe65366146c1c2b3e27d95838aa174612a4575838aba654c6	awaiting-user-final-item-approval
V1-APP-046	134	issues/134-approve-req-0170-req-0173.md	最终批准 REQ-0170–REQ-0173：决定充电失败改派的备用桩筛选与排队关系	该既有产品／领域决定的责任人与最终批准人	.scratch/current-requirements-baseline/issues/59-decide-charge-failure-reassignment-station-filter-and-queueing-policy.md	4	REQ-0170	REQ-0173	REQ-0170,REQ-0171,REQ-0172,REQ-0173	2c62f6d6ef64ee597a8dbe668b8b2d5004fd30064e02578e0c737f66908ae57b	bf5bf8ef741c8ec42f10b2828fe3a9e12a6a0343fa86ee331f95f0797858f5bc	awaiting-user-final-item-approval
V1-APP-047	135	issues/135-approve-req-0174-req-0177.md	最终批准 REQ-0174–REQ-0177：决定无联网充电桩的充电失败确认与暂停触发边界	该既有产品／领域决定的责任人与最终批准人	.scratch/current-requirements-baseline/issues/62-decide-offline-charger-failure-confirmation-and-allocation-hold-trigger.md	4	REQ-0174	REQ-0177	REQ-0174,REQ-0175,REQ-0176,REQ-0177	5c904f0e27fdfde9dd0b6d1d6ae95e1d2a68fb206f3b5e33a54e05b1a809ea93	7ca784e299e3bb2cfe7d0db02a054a8361c28d6371ca31385fa22651c3f47fea	awaiting-user-final-item-approval
V1-APP-048	136	issues/136-approve-req-0178-req-0180.md	最终批准 REQ-0178–REQ-0180：决定无联网充电桩的充电失败确认与暂停触发边界	该既有产品／领域决定的责任人与最终批准人	.scratch/current-requirements-baseline/issues/62-decide-offline-charger-failure-confirmation-and-allocation-hold-trigger.md	3	REQ-0178	REQ-0180	REQ-0178,REQ-0179,REQ-0180	4ce27ab90472bc3dc2d88a82870a4f7fb93b903d998dde080c2c636d28e43556	356e4ec23467783ce5b7c8beb6c4a3f6300c7c23655f2cd1670abbb1d9d85e43	awaiting-user-final-item-approval
V1-APP-049	137	issues/137-approve-req-0181-req-0184.md	最终批准 REQ-0181–REQ-0184：决定 MES 运输候选的业务纳入与排除边界	该既有产品／领域决定的责任人与最终批准人	.scratch/current-requirements-baseline/issues/64-decide-mes-transport-candidate-inclusion-and-exclusion-boundary.md	4	REQ-0181	REQ-0184	REQ-0181,REQ-0182,REQ-0183,REQ-0184	b98d7929fd369c178834f54b7b3852c9ba334052f4fcc7aa150f0e8cd36f32d7	3ddf04eb488a703b773b86717711396dbc03538b60dc34808bf4d9c884c1d67d	awaiting-user-final-item-approval
V1-APP-050	138	issues/138-approve-req-0185-req-0188.md	最终批准 REQ-0185–REQ-0188：决定 MES 运输候选的业务纳入与排除边界	该既有产品／领域决定的责任人与最终批准人	.scratch/current-requirements-baseline/issues/64-decide-mes-transport-candidate-inclusion-and-exclusion-boundary.md	4	REQ-0185	REQ-0188	REQ-0185,REQ-0186,REQ-0187,REQ-0188	ad0f52567bbd04d766aef447924c0b9401ce881e114aeed05c956bdc448c340b	ae27bbab3ee65671112e396370e4c9941806183d93a81c0148adca9d4b3b9018	awaiting-user-final-item-approval
V1-APP-051	139	issues/139-approve-req-0189-req-0192.md	最终批准 REQ-0189–REQ-0192：决定复合运输、分区与多 SUBLOT 组合边界	该既有产品／领域决定的责任人与最终批准人	.scratch/current-requirements-baseline/issues/65-decide-composite-transport-zoning-and-multi-sublot-boundary.md	4	REQ-0189	REQ-0192	REQ-0189,REQ-0190,REQ-0191,REQ-0192	5b69f3c7cdcc84a87aa661380e3933ab338f01d80a8446074d4415cec69bd4a6	c8e9235ed4c9dcce6aa0d4b5b5909922af05f5b527ea78712c79741c6a22e6e9	awaiting-user-final-item-approval
V1-APP-052	140	issues/140-approve-req-0193-req-0196.md	最终批准 REQ-0193–REQ-0196：决定复合运输、分区与多 SUBLOT 组合边界	该既有产品／领域决定的责任人与最终批准人	.scratch/current-requirements-baseline/issues/65-decide-composite-transport-zoning-and-multi-sublot-boundary.md	4	REQ-0193	REQ-0196	REQ-0193,REQ-0194,REQ-0195,REQ-0196	b006e063eaf246b5c8cb1ab7161e955b372f26fd1836c8533abc0f8b2a31c10a	bf332f08326f9cfbde0bfd75e5bb8a4a0a3e45da2bcbfa950a5c81d8adcdc92c	awaiting-user-final-item-approval
V1-APP-053	141	issues/141-approve-req-0197-req-0199.md	最终批准 REQ-0197–REQ-0199：决定复合运输、分区与多 SUBLOT 组合边界	该既有产品／领域决定的责任人与最终批准人	.scratch/current-requirements-baseline/issues/65-decide-composite-transport-zoning-and-multi-sublot-boundary.md	3	REQ-0197	REQ-0199	REQ-0197,REQ-0198,REQ-0199	a37badf9cf83865412d9f8d833a208372a1ac930925bdc980e9446c3a9b4374b	05292d020cd506d9be0d2bd1d8320334035743856f9a89e579c9de3c83c73e35	awaiting-user-final-item-approval
V1-APP-054	142	issues/142-approve-req-0200-req-0203.md	最终批准 REQ-0200–REQ-0203：决定派车评分、路网成本与无车响应升级规则	该既有产品／领域决定的责任人与最终批准人	.scratch/current-requirements-baseline/issues/66-decide-dispatch-ranking-route-cost-and-no-response-escalation.md	4	REQ-0200	REQ-0203	REQ-0200,REQ-0201,REQ-0202,REQ-0203	6e5425cfbec39a879cedc731353a43339364341a3e22be9508dc2f0b598a41b4	7a305d0eb5dcb0cb1fdaea1e217c5768b164bf782e909bc91528b9cd936e8580	awaiting-user-final-item-approval
V1-APP-055	143	issues/143-approve-req-0204-req-0207.md	最终批准 REQ-0204–REQ-0207：决定派车评分、路网成本与无车响应升级规则	该既有产品／领域决定的责任人与最终批准人	.scratch/current-requirements-baseline/issues/66-decide-dispatch-ranking-route-cost-and-no-response-escalation.md	4	REQ-0204	REQ-0207	REQ-0204,REQ-0205,REQ-0206,REQ-0207	851bd4e0a1d215a43ca21c674912ad8fbe2d6d97ff1998b28919832c37904a46	488856b4aebf3d23064855c6b582befd8e2497db5d731d8640d089d607f65532	awaiting-user-final-item-approval
V1-APP-056	144	issues/144-approve-req-0208-req-0210.md	最终批准 REQ-0208–REQ-0210：决定派车评分、路网成本与无车响应升级规则	该既有产品／领域决定的责任人与最终批准人	.scratch/current-requirements-baseline/issues/66-decide-dispatch-ranking-route-cost-and-no-response-escalation.md	3	REQ-0208	REQ-0210	REQ-0208,REQ-0209,REQ-0210	c1fabbe5fe5540110ef05552502dafe4522e247015abf8294f750d541ed914b7	77e3c0e86b07b71a6965cfb9879d5a7e9bc49114f38dfd54f4be063604a6a8bd	awaiting-user-final-item-approval
V1-APP-057	145	issues/145-approve-req-0211-req-0214.md	最终批准 REQ-0211–REQ-0214：决定同站多任务取消与人工选任务开门边界	该既有产品／领域决定的责任人与最终批准人	.scratch/current-requirements-baseline/issues/67-decide-same-station-cancellation-and-operator-task-opening.md	4	REQ-0211	REQ-0214	REQ-0211,REQ-0212,REQ-0213,REQ-0214	8b83487d402bea0823c3be6c60b67c2a56494ca9fe970d7c1cccf03df6bc2017	4878bd2172ad77d5495d8a850fd546df69b3ba0447216a813d5f043bff8c3e22	awaiting-user-final-item-approval
V1-APP-058	146	issues/146-approve-req-0215-req-0218.md	最终批准 REQ-0215–REQ-0218：决定同站多任务取消与人工选任务开门边界	该既有产品／领域决定的责任人与最终批准人	.scratch/current-requirements-baseline/issues/67-decide-same-station-cancellation-and-operator-task-opening.md	4	REQ-0215	REQ-0218	REQ-0215,REQ-0216,REQ-0217,REQ-0218	bcbdbf2e43c49252299a20f839d06541c1ba142814267b9c6b37ba237962896a	f62c0f8ab2a2a09d5fcbbd7a330bf7709efdc482d378545a3ff312f4435dc6c7	awaiting-user-final-item-approval
V1-APP-059	147	issues/147-approve-req-0219-req-0220.md	最终批准 REQ-0219–REQ-0220：决定同站多任务取消与人工选任务开门边界	该既有产品／领域决定的责任人与最终批准人	.scratch/current-requirements-baseline/issues/67-decide-same-station-cancellation-and-operator-task-opening.md	2	REQ-0219	REQ-0220	REQ-0219,REQ-0220	f10238efe0aac7e3dce9bd64de814c15496e523460e8bcb12421aeaed640ab27	76cddd9ac25ffda9eade197db6537a05d18d8a0b3dfbfe18c6650b12595e6f5b	awaiting-user-final-item-approval
V1-APP-060	148	issues/148-approve-req-0221-req-0224.md	最终批准 REQ-0221–REQ-0224：决定到站拒收、取消与完工后纠错边界	该既有产品／领域决定的责任人与最终批准人	.scratch/current-requirements-baseline/issues/68-decide-destination-rejection-cancellation-and-post-completion-correction.md	4	REQ-0221	REQ-0224	REQ-0221,REQ-0222,REQ-0223,REQ-0224	0f515b4a5c1edfc6ad369156d16348bae573e96073d5d35a2e21c15e6d2a2999	42b42d5ce3cf1c9b1c6fed50e42f1de7616cbd1ff1ee5def39dac61f57bfd33a	awaiting-user-final-item-approval
V1-APP-061	149	issues/149-approve-req-0225-req-0228.md	最终批准 REQ-0225–REQ-0228：决定到站拒收、取消与完工后纠错边界	该既有产品／领域决定的责任人与最终批准人	.scratch/current-requirements-baseline/issues/68-decide-destination-rejection-cancellation-and-post-completion-correction.md	4	REQ-0225	REQ-0228	REQ-0225,REQ-0226,REQ-0227,REQ-0228	d7f8cfef98fc36c351fb3426ca7e0baaf4dbed8a2a425943b499903f8a622aac	d7d6cf5fabc7712977cc6e2f5f8e374f74deeed323035da027705f2616ad9884	awaiting-user-final-item-approval
V1-APP-062	150	issues/150-approve-req-0229-req-0231.md	最终批准 REQ-0229–REQ-0231：决定到站拒收、取消与完工后纠错边界	该既有产品／领域决定的责任人与最终批准人	.scratch/current-requirements-baseline/issues/68-decide-destination-rejection-cancellation-and-post-completion-correction.md	3	REQ-0229	REQ-0231	REQ-0229,REQ-0230,REQ-0231	67952d3e38d778c6f08fa48dc629687c251ad4f963502a184ff52e13e71798bf	db2b1d90ac6f12d884899e1ecffc7df47d387d2d9c3362a698627e8a553a0a39	awaiting-user-final-item-approval
V1-APP-063	151	issues/151-approve-req-0232-req-0235.md	最终批准 REQ-0232–REQ-0235：决定故障车辆隔离、货物处置与人工越权边界	该既有产品／领域决定的责任人与最终批准人	.scratch/current-requirements-baseline/issues/69-decide-faulted-agv-isolation-cargo-handling-and-manual-override.md	4	REQ-0232	REQ-0235	REQ-0232,REQ-0233,REQ-0234,REQ-0235	602f661a024452178960d8751f7f51e5b91ad503434a57561f959739f9615dd5	3a71dec9ae07882696a379251aa071fc52133809a06f5b4180bd1e54e73fc199	awaiting-user-final-item-approval
V1-APP-064	152	issues/152-approve-req-0236-req-0239.md	最终批准 REQ-0236–REQ-0239：决定故障车辆隔离、货物处置与人工越权边界	该既有产品／领域决定的责任人与最终批准人	.scratch/current-requirements-baseline/issues/69-decide-faulted-agv-isolation-cargo-handling-and-manual-override.md	4	REQ-0236	REQ-0239	REQ-0236,REQ-0237,REQ-0238,REQ-0239	1216f885fea36d02f4f1c866ed34d14cbe1f001f16c191c12014a566621c9787	1c6ed5952d56be941b3f6fac4b1c51ddda795cd4ccfe1a454af40664cbc77e11	awaiting-user-final-item-approval
V1-APP-065	153	issues/153-approve-req-0240-req-0242.md	最终批准 REQ-0240–REQ-0242：决定故障车辆隔离、货物处置与人工越权边界	该既有产品／领域决定的责任人与最终批准人	.scratch/current-requirements-baseline/issues/69-decide-faulted-agv-isolation-cargo-handling-and-manual-override.md	3	REQ-0240	REQ-0242	REQ-0240,REQ-0241,REQ-0242	a66010dbd25763921ab33d4d7b7586ae2f64b46596cd0be7e5213cc804b3ba35	3d40eddd27e2a4e4b15e670421b71a1863418778811885bf8d9665eb9c696055	awaiting-user-final-item-approval
V1-APP-066	154	issues/154-approve-req-0243-req-0246.md	最终批准 REQ-0243–REQ-0246：决定安全联锁失败升级与紧急停止边界	该既有产品／领域决定的责任人与最终批准人	.scratch/current-requirements-baseline/issues/70-decide-safety-interlock-failure-escalation-and-emergency-stop.md	4	REQ-0243	REQ-0246	REQ-0243,REQ-0244,REQ-0245,REQ-0246	7a0d1296d1c66fc6172f563f9ca15210583a2684d8d68cbe9e02e49c77c31ec6	89f526a0cc44d32b81b2cc3b64ae79ea699c5abf4435012ed1a1da8bba8e20d8	awaiting-user-final-item-approval
V1-APP-067	155	issues/155-approve-req-0247-req-0249.md	最终批准 REQ-0247–REQ-0249：决定安全联锁失败升级与紧急停止边界	该既有产品／领域决定的责任人与最终批准人	.scratch/current-requirements-baseline/issues/70-decide-safety-interlock-failure-escalation-and-emergency-stop.md	3	REQ-0247	REQ-0249	REQ-0247,REQ-0248,REQ-0249	1cbcc9b99ca275a311dcea844a426a874f3a6ed8dae3dce9975f886919fa8013	5c0709c9db48d9735d7be16edaec99ddf2ff0daabfedbeb7f39aa408147b88bd	awaiting-user-final-item-approval
V1-APP-068	156	issues/156-approve-req-0250-req-0253.md	最终批准 REQ-0250–REQ-0253：决定人员登录、维护操作与高风险权限边界	该既有产品／领域决定的责任人与最终批准人	.scratch/current-requirements-baseline/issues/71-decide-human-login-maintenance-and-high-risk-permission-boundary.md	4	REQ-0250	REQ-0253	REQ-0250,REQ-0251,REQ-0252,REQ-0253	d337129ca98c4ada89a7b839263af6ffd1dfbea5df815c642956e7735c0a9f7a	04b1dbebc6d49df50bc9de5608b1c40dedc5ee98c2754ab789578d96b52419fc	awaiting-user-final-item-approval
V1-APP-069	157	issues/157-approve-req-0254-req-0256.md	最终批准 REQ-0254–REQ-0256：决定人员登录、维护操作与高风险权限边界	该既有产品／领域决定的责任人与最终批准人	.scratch/current-requirements-baseline/issues/71-decide-human-login-maintenance-and-high-risk-permission-boundary.md	3	REQ-0254	REQ-0256	REQ-0254,REQ-0255,REQ-0256	7fb56f4692f04d72db840dc7b41b7f9370ff59ecadf84776f1a9f154f916a4dd	a813c9bb4a8af9429b05a42d0d7ee73e511fff09cd6aa0c892d6e7f605b7235d	awaiting-user-final-item-approval
V1-APP-070	158	issues/158-approve-req-0257-req-0260.md	最终批准 REQ-0257–REQ-0260：决定仓位模型与 IO 映射配置、验证和启用门禁	该既有产品／领域决定的责任人与最终批准人	.scratch/current-requirements-baseline/issues/72-decide-slot-io-mapping-activation-and-maintenance-policy.md	4	REQ-0257	REQ-0260	REQ-0257,REQ-0258,REQ-0259,REQ-0260	7b4818f9b629a96c73eb30c3619c6fdb36fc13920f5f341257ed0c03c58d97b5	cc1f42cc2237ced4eb77baa1e28648479d3d85182303c89187a9712f4e284010	awaiting-user-final-item-approval
V1-APP-071	159	issues/159-approve-req-0261-req-0264.md	最终批准 REQ-0261–REQ-0264：决定仓位模型与 IO 映射配置、验证和启用门禁	该既有产品／领域决定的责任人与最终批准人	.scratch/current-requirements-baseline/issues/72-decide-slot-io-mapping-activation-and-maintenance-policy.md	4	REQ-0261	REQ-0264	REQ-0261,REQ-0262,REQ-0263,REQ-0264	7439b089818b63f6181b1bc9a97e408bb15ca8edf6e44ea559ef1800758a4608	3af26122e1fa567439d37af64dba26e2153a77a4214d971bab38c745bba828d5	awaiting-user-final-item-approval
V1-APP-072	160	issues/160-approve-req-0265-req-0267.md	最终批准 REQ-0265–REQ-0267：决定仓位模型与 IO 映射配置、验证和启用门禁	该既有产品／领域决定的责任人与最终批准人	.scratch/current-requirements-baseline/issues/72-decide-slot-io-mapping-activation-and-maintenance-policy.md	3	REQ-0265	REQ-0267	REQ-0265,REQ-0266,REQ-0267	e4d24b898bb1ac23e2285a8ebcad26c7458ca585877ba685af6d5956b841a14b	9c9bb60edc697d562052879e1ae150f96a7b17878c65a8e6d6a7b52c5febdcf3	awaiting-user-final-item-approval
V1-APP-073	161	issues/161-approve-req-0268-req-0271.md	最终批准 REQ-0268–REQ-0271：决定监控新鲜度、告警升级、重试与日志留存规则	该既有产品／领域决定的责任人与最终批准人	.scratch/current-requirements-baseline/issues/73-decide-monitoring-freshness-alert-retry-and-log-retention.md	4	REQ-0268	REQ-0271	REQ-0268,REQ-0269,REQ-0270,REQ-0271	b8556b1a60034e91d02a7fb999ca2ab784d9bdb93356aa9ce666cd9c67336787	e09da65c8aa701886c36d88eaa1f28bd401ebe99b7aa4247282148721a90beda	awaiting-user-final-item-approval
V1-APP-074	162	issues/162-approve-req-0272-req-0272.md	最终批准 REQ-0272–REQ-0272：决定监控新鲜度、告警升级、重试与日志留存规则	该既有产品／领域决定的责任人与最终批准人	.scratch/current-requirements-baseline/issues/73-decide-monitoring-freshness-alert-retry-and-log-retention.md	1	REQ-0272	REQ-0272	REQ-0272	4f9678f09f57203671034f9ac4b0cfa941bb91447e52375e7f3eb4eeffd551f8	93188d1b4d4f6ef83404435148ba2ba2da6c42e708e5d9f46cf98a8350c80013	awaiting-user-final-item-approval
V1-APP-075	163	issues/163-approve-req-0273-req-0276.md	最终批准 REQ-0273–REQ-0276：决定账户恢复与密码增强策略	该既有产品／领域决定的责任人与最终批准人	.scratch/current-requirements-baseline/issues/74-decide-account-recovery-and-password-hardening-policy.md	4	REQ-0273	REQ-0276	REQ-0273,REQ-0274,REQ-0275,REQ-0276	89e656424cdbcbbe787933a4ad29c7570783f6c3110bbfe7d24935f161a41fa5	befa9c99ae37a0a046243ac1e31ad51f01ccf6b818b366bb97e8aad9bea23164	awaiting-user-final-item-approval
V1-APP-076	164	issues/164-approve-req-0277-req-0280.md	最终批准 REQ-0277–REQ-0280：决定账户恢复与密码增强策略	该既有产品／领域决定的责任人与最终批准人	.scratch/current-requirements-baseline/issues/74-decide-account-recovery-and-password-hardening-policy.md	4	REQ-0277	REQ-0280	REQ-0277,REQ-0278,REQ-0279,REQ-0280	521d0c8a056c7bca40fbcb93852fbea8378463cd4f3b3c38cc9230ae99990a18	d12d6d60ab6366903047e2f36c20e3f3343d1ed480177cd5083295cd43257be0	awaiting-user-final-item-approval
V1-APP-077	165	issues/165-approve-req-0281-req-0284.md	最终批准 REQ-0281–REQ-0284：决定充电阈值、配置变更与异常生命周期	该既有产品／领域决定的责任人与最终批准人	.scratch/current-requirements-baseline/issues/75-decide-charging-threshold-configuration-and-abnormal-lifecycle.md	4	REQ-0281	REQ-0284	REQ-0281,REQ-0282,REQ-0283,REQ-0284	4e93e2533fd9153c09fdb7b0b8131eef309b5283e7949b7ad429b18dbf9c29c6	e5273f6ea3b846365653b264ba079f94cadeb68b3f5b9f956be4db66f6f78265	awaiting-user-final-item-approval
V1-APP-078	166	issues/166-approve-req-0285-req-0288.md	最终批准 REQ-0285–REQ-0288：决定充电阈值、配置变更与异常生命周期	该既有产品／领域决定的责任人与最终批准人	.scratch/current-requirements-baseline/issues/75-decide-charging-threshold-configuration-and-abnormal-lifecycle.md	4	REQ-0285	REQ-0288	REQ-0285,REQ-0286,REQ-0287,REQ-0288	506b95a3fa5f1d2f0aa2e4047b43ba7dbb6694dbf1ff164747addaa9c67bd604	202cf8c75fcd6ab3b8f25fa8fa7873d4b813b712a3001bbc2637492168e4ad92	awaiting-user-final-item-approval
V1-APP-079	167	issues/167-approve-req-0289-req-0292.md	最终批准 REQ-0289–REQ-0292：决定空闲返回、停靠点资格与调度竞争边界	该既有产品／领域决定的责任人与最终批准人	.scratch/current-requirements-baseline/issues/76-decide-idle-return-parking-point-eligibility-and-arbitration.md	4	REQ-0289	REQ-0292	REQ-0289,REQ-0290,REQ-0291,REQ-0292	e4f3d133645cb65185265056b8f6108400ebed24e9fcdda9f7c4c146ac199fca	ad26c90e1944f295b43416cd45e35c1a320f277fe536b04b2459b8a5395d0f3a	awaiting-user-final-item-approval
V1-APP-080	168	issues/168-approve-req-0293-req-0296.md	最终批准 REQ-0293–REQ-0296：决定空闲返回、停靠点资格与调度竞争边界	该既有产品／领域决定的责任人与最终批准人	.scratch/current-requirements-baseline/issues/76-decide-idle-return-parking-point-eligibility-and-arbitration.md	4	REQ-0293	REQ-0296	REQ-0293,REQ-0294,REQ-0295,REQ-0296	0548ff695070487d1fdd9cf9d538b3e9d92bc2f7b4c1ff12469489641d6efe27	7baec251cd49c9dcf7372a903922826581f134c541180cfd2c6ade2576650f38	awaiting-user-final-item-approval
V1-APP-081	169	issues/169-approve-req-0297-req-0297.md	最终批准 REQ-0297–REQ-0297：决定空闲返回、停靠点资格与调度竞争边界	该既有产品／领域决定的责任人与最终批准人	.scratch/current-requirements-baseline/issues/76-decide-idle-return-parking-point-eligibility-and-arbitration.md	1	REQ-0297	REQ-0297	REQ-0297	87a6354857886927fff743d2d9090b344b53aa318d70db11861b38fa80be8263	7ae2efb263b3551f81e7bb16972d6969ec13fecdc702b09a6081bf6f4db9a67f	awaiting-user-final-item-approval
V1-APP-082	170	issues/170-approve-req-0298-req-0301.md	最终批准 REQ-0298–REQ-0301：决定地图拓扑同步与历史快照产品边界	该既有产品／领域决定的责任人与最终批准人	.scratch/current-requirements-baseline/issues/77-decide-map-topology-sync-and-snapshot-product-boundary.md	4	REQ-0298	REQ-0301	REQ-0298,REQ-0299,REQ-0300,REQ-0301	69c523cec37c441ca0325b64226827d2935fd477282e18cbe05aacd5917872d7	17144d2964c1fadb37c46897cbdb2aeb172b47222d5b825bf3c9932e54c30dce	awaiting-user-final-item-approval
V1-APP-083	171	issues/171-approve-req-0302-req-0305.md	最终批准 REQ-0302–REQ-0305：决定地图拓扑同步与历史快照产品边界	该既有产品／领域决定的责任人与最终批准人	.scratch/current-requirements-baseline/issues/77-decide-map-topology-sync-and-snapshot-product-boundary.md	4	REQ-0302	REQ-0305	REQ-0302,REQ-0303,REQ-0304,REQ-0305	acb0effb5bc88d9812aea9c98fc4b1a42acd6021dc4f3ee2cc96406ab4db606f	5b775b32a8b5db154c2b59121e77fa190fe159a5f721735c58985b90284f07de	awaiting-user-final-item-approval
V1-APP-084	172	issues/172-approve-req-0306-req-0309.md	最终批准 REQ-0306–REQ-0309：决定地图拓扑同步与历史快照产品边界	该既有产品／领域决定的责任人与最终批准人	.scratch/current-requirements-baseline/issues/77-decide-map-topology-sync-and-snapshot-product-boundary.md	4	REQ-0306	REQ-0309	REQ-0306,REQ-0307,REQ-0308,REQ-0309	935ce29e076f740ef68d888796b3db8b6652152341dd9552a8f825352039ecf3	f6ab3cc33b9deea5a6e8e2c54603f81f7fcdc527485a0ff39a93f4888895e60b	awaiting-user-final-item-approval
V1-APP-085	173	issues/173-approve-req-0310-req-0313.md	最终批准 REQ-0310–REQ-0313：决定归档 AGV 的恢复与身份连续性	该既有产品／领域决定的责任人与最终批准人	.scratch/current-requirements-baseline/issues/78-decide-archived-agv-restoration-and-identity-continuity.md	4	REQ-0310	REQ-0313	REQ-0310,REQ-0311,REQ-0312,REQ-0313	bbc6ab0db7181819bd22b641ed3ca1c02f6d6d3aa8f7889c83219e92ae0c1dd5	b0c9fa75122008e7bca8a8eb728c26bf0ce5b8425460adc80da3698b61333669	awaiting-user-final-item-approval
V1-APP-086	174	issues/174-approve-req-0314-req-0317.md	最终批准 REQ-0314–REQ-0317：决定归档 AGV 的恢复与身份连续性	该既有产品／领域决定的责任人与最终批准人	.scratch/current-requirements-baseline/issues/78-decide-archived-agv-restoration-and-identity-continuity.md	4	REQ-0314	REQ-0317	REQ-0314,REQ-0315,REQ-0316,REQ-0317	a9d831e008d0b6583e4d9bbe19934b07847485877209b23701b130ea3cf05cab	7118c96ed13c769f2031f62f000cba34bd14220635b13781a19ebb057f86c1e9	awaiting-user-final-item-approval
V1-APP-087	175	issues/175-approve-req-0318-req-0320.md	最终批准 REQ-0318–REQ-0320：决定归档 AGV 的恢复与身份连续性	该既有产品／领域决定的责任人与最终批准人	.scratch/current-requirements-baseline/issues/78-decide-archived-agv-restoration-and-identity-continuity.md	3	REQ-0318	REQ-0320	REQ-0318,REQ-0319,REQ-0320	3ac3fd43716355b5edf9824b2b54fccf687aa81736b72f6538a6305a9b98f145	70e524f7eef48af49a153865bb4ffcd9e26383bad6625b77773fb7ed1ab12e4e	awaiting-user-final-item-approval
V1-APP-088	176	issues/176-approve-req-0321-req-0324.md	最终批准 REQ-0321–REQ-0324：决定 AREA 显式覆盖的维护与生效治理	该既有产品／领域决定的责任人与最终批准人	.scratch/current-requirements-baseline/issues/79-decide-area-override-maintenance-and-effectivity-governance.md	4	REQ-0321	REQ-0324	REQ-0321,REQ-0322,REQ-0323,REQ-0324	4a3b9574b15bf5d34c56190415dacd1c7a758fc7eee0d8e8f7f305fad6a1a8e3	e3b241f5b8f4db1176e61c660af3d7378674241bac6dc0494f47e8c33670fa44	awaiting-user-final-item-approval
V1-APP-089	177	issues/177-approve-req-0325-req-0326.md	最终批准 REQ-0325–REQ-0326：决定 AREA 显式覆盖的维护与生效治理	该既有产品／领域决定的责任人与最终批准人	.scratch/current-requirements-baseline/issues/79-decide-area-override-maintenance-and-effectivity-governance.md	2	REQ-0325	REQ-0326	REQ-0325,REQ-0326	5f6e22b3288dd446e0b4109bdba36893828ffa8d75d74035b0b83fa5e7de7ade	4038626d6d459b625dc09ff232a60d998b814dca86bf1e3f74b78465f24d4d88	awaiting-user-final-item-approval
V1-APP-090	178	issues/178-approve-req-0327-req-0330.md	最终批准 REQ-0327–REQ-0330：决定 RIoT 建单未确认时任务绑定、重试与释放边界	该既有产品／领域决定的责任人与最终批准人	.scratch/current-requirements-baseline/issues/80-decide-riot-order-creation-uncertainty-binding-retry-release.md	4	REQ-0327	REQ-0330	REQ-0327,REQ-0328,REQ-0329,REQ-0330	3dde53038df76772b12a1a673e88e1374894fb27a30c9b5e3f5aa9c629e7c0ff	57cc07a6be55961f54ec7aae7b845780fcfebdb32d1df3e11fb51e2f5b5dc9a5	awaiting-user-final-item-approval
V1-APP-091	179	issues/179-approve-req-0331-req-0333.md	最终批准 REQ-0331–REQ-0333：决定 RIoT 建单未确认时任务绑定、重试与释放边界	该既有产品／领域决定的责任人与最终批准人	.scratch/current-requirements-baseline/issues/80-decide-riot-order-creation-uncertainty-binding-retry-release.md	3	REQ-0331	REQ-0333	REQ-0331,REQ-0332,REQ-0333	4dd30c49c45a026aa83b27089405125b1389a013a52cee59f5e9693655edb965	d64948b8a2b41d7fb34e341446830ca3a8b0df443f029450d79b62b964a35e72	awaiting-user-final-item-approval
V1-APP-092	180	issues/180-approve-req-0334-req-0337.md	最终批准 REQ-0334–REQ-0337：决定公共业务点绑定的维护与生效治理	该既有产品／领域决定的责任人与最终批准人	.scratch/current-requirements-baseline/issues/83-decide-public-station-binding-maintenance-and-effectivity-governance.md	4	REQ-0334	REQ-0337	REQ-0334,REQ-0335,REQ-0336,REQ-0337	ed0b2656c7da73ec50a1931291aa821e71d3d420e340fd36f65fa0689f72568e	b52d60936fcddb313a970ccc02d84e1526bf8b2b025fd5f24b019115fd470a93	awaiting-user-final-item-approval
V1-APP-093	181	issues/181-approve-req-0338-req-0341.md	最终批准 REQ-0338–REQ-0341：决定公共业务点绑定的维护与生效治理	该既有产品／领域决定的责任人与最终批准人	.scratch/current-requirements-baseline/issues/83-decide-public-station-binding-maintenance-and-effectivity-governance.md	4	REQ-0338	REQ-0341	REQ-0338,REQ-0339,REQ-0340,REQ-0341	d9a77e430860aa572c3d932f72c0d6df4386b267768ff304a8633ceb90ad609e	b7d2b246cc29733314bfde4b3374e1edb695de00357bb366e2fc35630223242d	awaiting-user-final-item-approval
V1-APP-094	182	issues/182-approve-req-0342-req-0345.md	最终批准 REQ-0342–REQ-0345：决定公共业务点绑定的维护与生效治理	该既有产品／领域决定的责任人与最终批准人	.scratch/current-requirements-baseline/issues/83-decide-public-station-binding-maintenance-and-effectivity-governance.md	4	REQ-0342	REQ-0345	REQ-0342,REQ-0343,REQ-0344,REQ-0345	98292014a93e96d66af354cf1652b62be0a0eac44a98ebe7b3545ec3d1a4bed2	3872498f760f0590ce06a00fda3f5de53716e170c01d47f5a340ac00eac90cc8	awaiting-user-final-item-approval
V1-APP-095	183	issues/183-approve-req-0346-req-0348.md	最终批准 REQ-0346–REQ-0348：决定公共业务点绑定的维护与生效治理	该既有产品／领域决定的责任人与最终批准人	.scratch/current-requirements-baseline/issues/83-decide-public-station-binding-maintenance-and-effectivity-governance.md	3	REQ-0346	REQ-0348	REQ-0346,REQ-0347,REQ-0348	60c23ed7b32ebff493041565bdc86c3fc13ca32997fe0f1cdc8327e79f73c2c3	c2f4caf3915925dfa75267f3631096175c37c9eef5f383ba7a577a2c4f1b76f6	awaiting-user-final-item-approval
